{
  "entropy_mean": 4.0224148948695015,
  "entropy_std": 0.36575973524204486,
  "delta_mean": 10.07460636218389,
  "delta_std": 2.67350740754835,
  "pearson_r": -0.15776725323822025,
  "p_value": 0.00617443292659436
}