{
  "entropy_mean": 4.400884800605399,
  "entropy_std": 0.3452720849995397,
  "delta_mean": 9.977738761901856,
  "delta_std": 2.108840262486436,
  "pearson_r": 0.539527502216482,
  "p_value": 1.049585420365283e-12
}