{
  "entropy_mean": 4.108666467818315,
  "entropy_std": 0.040704582436841975,
  "delta_mean": 1.1235573376067962,
  "delta_std": 0.021542666298919322,
  "pearson_r": -0.10512697339151307,
  "p_value": 0.3003941161749014
}