{
  "mean": {
    "entropy_mean": 4.755191927591867,
    "entropy_std": 0.04591149995239976,
    "delta_mean": 1.5414327442043958,
    "delta_std": 0.04187612987223217,
    "pearson_r": -0.06685773095876642,
    "p_value": 0.4036257241310783
  },
  "ci95": {
    "entropy_mean": 0.0018345952258606866,
    "entropy_std": 0.009473825652897215,
    "delta_mean": 0.0034245205808978085,
    "delta_std": 0.00216455388582988,
    "pearson_r": 0.0652576829044219,
    "p_value": 0.16729523621014095
  }
}