{
  "entropy_mean": 1.6240516176489184,
  "entropy_std": 0.1246912076006659,
  "delta_mean": 15.072747977574666,
  "delta_std": 3.5012789993935445,
  "pearson_r": 0.4447673471108033,
  "p_value": 1.1832942664581436e-08
}