{
  "entropy_mean": 1.6185708177138716,
  "entropy_std": 0.09349330716813348,
  "delta_mean": 15.444765855471292,
  "delta_std": 3.963572022001292,
  "pearson_r": 0.5295592865769104,
  "p_value": 3.2232317529230127e-12
}