{
  "mean": {
    "entropy_mean": 4.010452665649031,
    "entropy_std": 0.07812123726643223,
    "delta_mean": 1.1228320727995293,
    "delta_std": 0.021390493294321106,
    "pearson_r": -0.005557360487621868,
    "p_value": 0.34507172328547053
  },
  "ci95": {
    "entropy_mean": 0.19332376476054255,
    "entropy_std": 0.044161774437755534,
    "delta_mean": 0.001128115983223797,
    "delta_std": 0.000634126965991234,
    "pearson_r": 0.06918506585511357,
    "p_value": 0.2283312489883969
  }
}