{
  "entropy_mean": 4.738656841103245,
  "entropy_std": 0.08389016188140867,
  "delta_mean": 14.498814340432485,
  "delta_std": 3.8607413451256463,
  "pearson_r": 0.3552248064337365,
  "p_value": 2.3767716749735643e-10
}