{
  "entropy_mean": 4.7576146551758045,
  "entropy_std": 0.0420529021339114,
  "delta_mean": 17.184695802529653,
  "delta_std": 3.8454419180072485,
  "pearson_r": 0.30464117856557127,
  "p_value": 7.325382293542099e-08
}