{
  "mean": {
    "entropy_mean": 1.5886353603562162,
    "entropy_std": 0.11268153262972051,
    "delta_mean": 14.696402301629385,
    "delta_std": 3.416733036827501,
    "pearson_r": 0.28682905639662254,
    "p_value": 0.03180205953691322
  },
  "ci95": {
    "entropy_mean": 0.04239940620781747,
    "entropy_std": 0.030974935926048858,
    "delta_mean": 0.6858465264183751,
    "delta_std": 0.3312913952211205,
    "pearson_r": 0.20980922664953017,
    "p_value": 0.05861858400964885
  }
}