{
  "entropy_mean": 1.5691921595267455,
  "entropy_std": 0.11076811080538529,
  "delta_mean": 19.98110860188802,
  "delta_std": 4.703152517152716,
  "pearson_r": 0.5186659069968884,
  "p_value": 4.65749260266501e-22
}