{
  "entropy_mean": 4.759537388356921,
  "entropy_std": 0.03332891734199975,
  "delta_mean": 14.431128525733948,
  "delta_std": 3.232359577170184,
  "pearson_r": 0.2446437367499541,
  "p_value": 1.827776365145973e-05
}