{
  "entropy_mean": 3.5030429281314253,
  "entropy_std": 0.06661692709496436,
  "delta_mean": 1.4311544798612594,
  "delta_std": 0.018865447624251637,
  "pearson_r": -0.3365413724017908,
  "p_value": 6.640816455314445e-28
}