{
  "entropy_mean": 3.4369133329541866,
  "entropy_std": 0.09355959589447421,
  "delta_mean": 2.1084859511852265,
  "delta_std": 0.02881915684570317,
  "pearson_r": 0.04136341846534462,
  "p_value": 0.19122985650283872
}