{
  "entropy_mean": 4.757622379766702,
  "entropy_std": 0.03162705639921686,
  "delta_mean": 1.5421918660552059,
  "delta_std": 0.041771414212184714,
  "pearson_r": -0.05390150758698524,
  "p_value": 0.4495687657420945
}