{
  "entropy_mean": 4.752328507610666,
  "entropy_std": 0.05181301004545894,
  "delta_mean": 12.15043622414271,
  "delta_std": 2.7965338102133295,
  "pearson_r": 0.2253259215704615,
  "p_value": 0.005565717219113503
}