{
  "entropy_mean": 1.6154508029196775,
  "entropy_std": 0.1251628224567536,
  "delta_mean": 16.070570901234944,
  "delta_std": 3.81816547656377,
  "pearson_r": 0.5768580319979388,
  "p_value": 1.1117431886665055e-14
}