{
  "entropy_mean": 3.854507939999065,
  "entropy_std": 0.094513081932429,
  "delta_mean": 0.4192818939386301,
  "delta_std": 0.01823996428566638,
  "pearson_r": 0.010695557037373224,
  "p_value": 0.8808173167763267
}