{
  "entropy_mean": 1.6352677842737875,
  "entropy_std": 0.06202392594184954,
  "delta_mean": 15.759463675816853,
  "delta_std": 3.2974189124916253,
  "pearson_r": 0.5163314705683605,
  "p_value": 1.3515118665214569e-11
}