{
  "entropy_mean": 1.5753451432911274,
  "entropy_std": 0.15013114534496025,
  "delta_mean": 17.75731538216273,
  "delta_std": 3.7298636183819944,
  "pearson_r": 0.507386996813282,
  "p_value": 4.942112939529348e-21
}