{
  "entropy_mean": 1.5895674223374685,
  "entropy_std": 0.04539400910974846,
  "delta_mean": 19.31008990128835,
  "delta_std": 4.51527716158253,
  "pearson_r": 0.5214063639171047,
  "p_value": 7.855220540983416e-12
}