{
  "entropy_mean": 4.57063560434921,
  "entropy_std": 0.16116230710299265,
  "delta_mean": 0.7860976939824358,
  "delta_std": 0.02141635950228246,
  "pearson_r": -0.08747755967699947,
  "p_value": 0.21921971005943716
}