{
  "entropy_mean": 4.738559199518054,
  "entropy_std": 0.04950765262928967,
  "delta_mean": 1.5413921361017708,
  "delta_std": 0.042245291134122634,
  "pearson_r": -0.06635306413181981,
  "p_value": 0.5140531401486678
}