{
  "entropy_mean": 1.582302940578727,
  "entropy_std": 0.12975000065921388,
  "delta_mean": 19.611811431248984,
  "delta_std": 4.657539870707262,
  "pearson_r": 0.4287535522699991,
  "p_value": 7.61022614516999e-15
}