{
  "entropy_mean": 2.802065301667175,
  "entropy_std": 0.3066391742713062,
  "delta_mean": 7.983584738572438,
  "delta_std": 2.07963636907951,
  "pearson_r": -0.6790692316442937,
  "p_value": 1.2893112059533197e-21
}