{
  "mean": {
    "entropy_mean": 4.02631543629933,
    "entropy_std": 0.08503422804092141,
    "delta_mean": 1.1233106946704363,
    "delta_std": 0.021406693280839738,
    "pearson_r": -0.002377803520455726,
    "p_value": 0.19136159191780153
  },
  "ci95": {
    "entropy_mean": 0.14937409562889598,
    "entropy_std": 0.03139442069923392,
    "delta_mean": 0.0014682425896930915,
    "delta_std": 0.0010334659533592552,
    "pearson_r": 0.10848601154681146,
    "p_value": 0.11570704430008755
  }
}