{
  "entropy_mean": 3.7347886218575166,
  "entropy_std": 0.4789654110697595,
  "delta_mean": 6.90335203965505,
  "delta_std": 1.7018039428607594,
  "pearson_r": 0.19953126964416004,
  "p_value": 0.0143662033221762
}