{
  "entropy_mean": 3.5323811650213255,
  "entropy_std": 0.3779067126844734,
  "delta_mean": 0.3087174721698665,
  "delta_std": 0.017500424209480836,
  "pearson_r": -0.29670760065361534,
  "p_value": 2.086465697604993e-05
}