{
  "entropy_mean": 4.756827603422797,
  "entropy_std": 0.07126067263642255,
  "delta_mean": 1.5423256267200818,
  "delta_std": 0.04106403904195566,
  "pearson_r": -0.1119576381176279,
  "p_value": 0.2699013813534862
}