{
  "entropy_mean": 3.9401093249666377,
  "entropy_std": 0.1810129979744978,
  "delta_mean": 0.2762322686425406,
  "delta_std": 0.008901186916147299,
  "pearson_r": 0.19942699796816366,
  "p_value": 0.004743366158000479
}