{
  "entropy_mean": 4.750338886511072,
  "entropy_std": 0.07473579947054579,
  "delta_mean": 12.356444648901622,
  "delta_std": 2.6323184864288653,
  "pearson_r": 0.3300635478131487,
  "p_value": 3.710243586943367e-05
}