{
  "entropy_mean": 1.5838554671801808,
  "entropy_std": 0.043697713568884265,
  "delta_mean": 23.883017988204955,
  "delta_std": 6.548186011553699,
  "pearson_r": 0.18321030126304189,
  "p_value": 0.0014372373257493115
}