{
  "entropy_mean": 4.670212952578501,
  "entropy_std": 0.09128829492299366,
  "delta_mean": 0.7768321669281427,
  "delta_std": 0.022801381955143123,
  "pearson_r": 0.07685202985953198,
  "p_value": 0.28063314200222833
}