{
  "entropy_mean": 1.029271151216935,
  "entropy_std": 0.1923811822005659,
  "delta_mean": 18.69272452513377,
  "delta_std": 4.0963504043485,
  "pearson_r": -0.786697915160637,
  "p_value": 2.2062821618292274e-64
}