{
  "entropy_mean": 3.630215787623991,
  "entropy_std": 0.35317378277278944,
  "delta_mean": 6.896748948097229,
  "delta_std": 1.1105589118249697,
  "pearson_r": 0.18268851576512893,
  "p_value": 0.025246070934185214
}