{
  "entropy_mean": 4.064217633820297,
  "entropy_std": 0.035687562883352515,
  "delta_mean": 2.2214903999213598,
  "delta_std": 0.04160118238210307,
  "pearson_r": -0.044406095318753364,
  "p_value": 0.5334250752706721
}