{
  "entropy_mean": 4.231587698917128,
  "entropy_std": 0.44458811678961424,
  "delta_mean": 0.7850872844156592,
  "delta_std": 0.020965718352053655,
  "pearson_r": 0.0567563112650486,
  "p_value": 0.576846969831552
}