{
  "mean": {
    "entropy_mean": 3.404262794305925,
    "entropy_std": 0.39841902799653384,
    "delta_mean": 7.714096389293671,
    "delta_std": 1.5341459139524072,
    "pearson_r": 0.21289465679455266,
    "p_value": 1.1323717455271417e-06
  },
  "ci95": {
    "entropy_mean": 0.21785031318115985,
    "entropy_std": 0.08340132865258844,
    "delta_mean": 0.5424472126360722,
    "delta_std": 0.21759110279605137,
    "pearson_r": 0.2355021555762175,
    "p_value": 2.0873533346043204e-06
  }
}