{
  "entropy_mean": 4.067166967852759,
  "entropy_std": 0.03823144967986695,
  "delta_mean": 2.2197680112087363,
  "delta_std": 0.043036602223898116,
  "pearson_r": -0.18976266029701094,
  "p_value": 0.05993559829602242
}