{
  "entropy_mean": 1.6608202172731998,
  "entropy_std": 0.12209945644148383,
  "delta_mean": 11.254369756380717,
  "delta_std": 2.8835776492461207,
  "pearson_r": 0.153549205410272,
  "p_value": 0.060655962333893025
}