{
  "entropy_mean": 4.065557936040156,
  "entropy_std": 0.04915208480312811,
  "delta_mean": 2.2281691931714915,
  "delta_std": 0.03781126143138425,
  "pearson_r": 0.23310756347525313,
  "p_value": 0.020231823889315506
}