{
  "entropy_mean": 4.648747668117409,
  "entropy_std": 0.1635557420367593,
  "delta_mean": 12.820630598068238,
  "delta_std": 3.363980883364785,
  "pearson_r": 0.3607662928213303,
  "p_value": 1.1887462397906626e-10
}