{
  "entropy_mean": 4.133029420068619,
  "entropy_std": 0.024059426532197368,
  "delta_mean": 1.1200358532181935,
  "delta_std": 0.022722939782498106,
  "pearson_r": 0.004407739266922547,
  "p_value": 0.9507321301121212
}