{
  "mean": {
    "entropy_mean": 4.614487132068604,
    "entropy_std": 0.2324608499451164,
    "delta_mean": 9.86134841688474,
    "delta_std": 2.3876692046570094,
    "pearson_r": 0.27893666985514715,
    "p_value": 0.029535583769507396
  },
  "ci95": {
    "entropy_mean": 0.037397494983193065,
    "entropy_std": 0.05091725304307879,
    "delta_mean": 0.2233885289403765,
    "delta_std": 0.21089172090016278,
    "pearson_r": 0.06178135208610099,
    "p_value": 0.0382677145206858
  }
}