{
  "entropy_mean": 1.5878272160762075,
  "entropy_std": 0.06087968982478149,
  "delta_mean": 26.78163383881251,
  "delta_std": 6.86445729804826,
  "pearson_r": 0.39169027558237823,
  "p_value": 1.9333368125348406e-12
}