{
  "entropy_mean": 1.5964227141450023,
  "entropy_std": 0.03989473591667967,
  "delta_mean": 25.137701466878255,
  "delta_std": 5.792893160441861,
  "pearson_r": 0.32288454758107227,
  "p_value": 1.045389454506375e-08
}