{
  "entropy_mean": 3.8231569869274797,
  "entropy_std": 0.24908434365343288,
  "delta_mean": 0.2782699026242651,
  "delta_std": 0.010593745036652467,
  "pearson_r": 0.12458750420064427,
  "p_value": 0.21919178459151692
}