{
  "entropy_mean": 4.1495608580226335,
  "entropy_std": 0.045788902800520226,
  "delta_mean": 0.4091247013166322,
  "delta_std": 0.009907423855389258,
  "pearson_r": 0.01417624925731105,
  "p_value": 0.8424733400437793
}