{
  "entropy_mean": 4.080654877322188,
  "entropy_std": 0.029316507265057863,
  "delta_mean": 2.220004395623902,
  "delta_std": 0.042520045870017634,
  "pearson_r": -0.08119911237465802,
  "p_value": 0.2542353975705925
}