{
  "entropy_mean": 1.4398612803067181,
  "entropy_std": 0.10329417755726018,
  "delta_mean": 10.212719496885935,
  "delta_std": 1.4043322806444318,
  "pearson_r": 0.3699273454724957,
  "p_value": 3.671051242971783e-11
}