{
  "mean": {
    "entropy_mean": 4.69707326832281,
    "entropy_std": 0.0742735774954148,
    "delta_mean": 1.5395475428513805,
    "delta_std": 0.041831402583379765,
    "pearson_r": 0.002776908681443824,
    "p_value": 0.4257971274839182
  },
  "ci95": {
    "entropy_mean": 0.07194221789247547,
    "entropy_std": 0.038679252514885534,
    "delta_mean": 0.003134336156310429,
    "delta_std": 0.001716200585708853,
    "pearson_r": 0.07796357365295693,
    "p_value": 0.20045928077824246
  }
}