{
  "entropy_mean": 4.738855983492392,
  "entropy_std": 0.054938095668325096,
  "delta_mean": 15.713602431615193,
  "delta_std": 3.319168929604087,
  "pearson_r": 0.3266634349766272,
  "p_value": 6.86976777155922e-09
}