{
  "entropy_mean": 0.8078052342484737,
  "entropy_std": 0.2589767135864814,
  "delta_mean": 28.007525034745534,
  "delta_std": 6.697342301011412,
  "pearson_r": -0.9228273414846568,
  "p_value": 1.7308285932665188e-125
}