{
  "entropy_mean": 1.611277651559977,
  "entropy_std": 0.1421451596725909,
  "delta_mean": 10.838246595064799,
  "delta_std": 2.594062312169774,
  "pearson_r": 0.3689491388336915,
  "p_value": 3.3866253409237236e-06
}