{
  "entropy_mean": 4.598593821805201,
  "entropy_std": 0.23311954000253,
  "delta_mean": 9.864221297105153,
  "delta_std": 2.3050942339362237,
  "pearson_r": 0.34862168131924987,
  "p_value": 1.2313237013967184e-05
}