{
  "entropy_mean": 3.406196766306844,
  "entropy_std": 0.5187850257439472,
  "delta_mean": 8.613750499089559,
  "delta_std": 1.7896239206348625,
  "pearson_r": 0.574350352219829,
  "p_value": 9.983749730624932e-28
}