{
  "entropy_mean": 4.755435891121015,
  "entropy_std": 0.039174386633592816,
  "delta_mean": 13.396393536726634,
  "delta_std": 2.959710551901725,
  "pearson_r": 0.4462619512297889,
  "p_value": 1.043097960842632e-08
}