{
  "entropy_mean": 4.752159267612744,
  "entropy_std": 0.05897574032553868,
  "delta_mean": 1.5326385305385397,
  "delta_std": 0.03709528967624457,
  "pearson_r": 0.17428896245402475,
  "p_value": 0.08446243939137821
}