{
  "entropy_mean": 4.116008196026171,
  "entropy_std": 0.03797423418689386,
  "delta_mean": 1.1213788033729821,
  "delta_std": 0.02056294600835924,
  "pearson_r": -0.07913166076143922,
  "p_value": 0.2665681950620345
}