{
  "entropy_mean": 4.019901886469318,
  "entropy_std": 0.07885712575261303,
  "delta_mean": 0.4304754576790872,
  "delta_std": 0.018591159123476503,
  "pearson_r": 0.1258021326688542,
  "p_value": 0.07664080911872966
}