{
  "entropy_mean": 3.3796050552078087,
  "entropy_std": 0.08592765278467325,
  "delta_mean": 1.7079304883877435,
  "delta_std": 0.038676142282881604,
  "pearson_r": -0.15864438113825113,
  "p_value": 0.08351421413971856
}