{
  "entropy_mean": 1.5859737235120892,
  "entropy_std": 0.16092916447504452,
  "delta_mean": 12.12427926103274,
  "delta_std": 2.4992760184631484,
  "pearson_r": 0.49250216634071575,
  "p_value": 9.787579657706073e-20
}