{
  "entropy_mean": 4.56069616647454,
  "entropy_std": 0.2566900730017835,
  "delta_mean": 10.449027258555095,
  "delta_std": 3.242394119623557,
  "pearson_r": 0.5751456306288226,
  "p_value": 8.135196332418409e-28
}