{
  "entropy_mean": 1.579848502769923,
  "entropy_std": 0.03605019386801856,
  "delta_mean": 25.95717155297597,
  "delta_std": 6.4435475417552155,
  "pearson_r": 0.3039970274809144,
  "p_value": 7.828008033383422e-08
}