{
  "entropy_mean": 4.63959962876329,
  "entropy_std": 0.1549910614478535,
  "delta_mean": 0.776392197970188,
  "delta_std": 0.01995673843816282,
  "pearson_r": -0.1183014239329466,
  "p_value": 0.2435191824435376
}