{
  "entropy_mean": 2.8679486711380515,
  "entropy_std": 0.2793045221538868,
  "delta_mean": 6.641614689826965,
  "delta_std": 1.2933616350349657,
  "pearson_r": -0.7042186384468985,
  "p_value": 8.916311130081745e-24
}