{
  "entropy_mean": 4.74007855083908,
  "entropy_std": 0.05057603215067003,
  "delta_mean": 13.265049990812937,
  "delta_std": 3.0876494675968322,
  "pearson_r": 0.46692053960921537,
  "p_value": 1.7127346827826617e-09
}