{
  "entropy_mean": 4.721236569820397,
  "entropy_std": 0.12961032484742363,
  "delta_mean": 12.54102139075597,
  "delta_std": 3.1210471576305463,
  "pearson_r": 0.4800818299307127,
  "p_value": 5.080508781315992e-10
}