{
  "entropy_mean": 4.65665225154126,
  "entropy_std": 0.09448001356192166,
  "delta_mean": 0.7806206117922337,
  "delta_std": 0.021684390658113346,
  "pearson_r": -0.016884527770281016,
  "p_value": 0.8128880080956378
}