{
  "entropy_mean": 3.718006274575041,
  "entropy_std": 0.25472911443648466,
  "delta_mean": 0.28475485004559914,
  "delta_std": 0.010726725268227278,
  "pearson_r": 0.15380774227923438,
  "p_value": 0.12851307350048943
}