{
  "entropy_mean": 4.746140550179212,
  "entropy_std": 0.04488645339373597,
  "delta_mean": 15.327140120665232,
  "delta_std": 3.6579977578238423,
  "pearson_r": 0.2636685973495302,
  "p_value": 3.6566954951732055e-06
}