{
  "mean": {
    "entropy_mean": 4.114687828645605,
    "entropy_std": 0.05650553621817964,
    "delta_mean": 1.1241968531801245,
    "delta_std": 0.02252696258159469,
    "pearson_r": -0.08356323302552585,
    "p_value": 0.3487217075280825
  },
  "ci95": {
    "entropy_mean": 0.012250371839196578,
    "entropy_std": 0.015854700683371404,
    "delta_mean": 0.0030861092786089875,
    "delta_std": 0.0014512268295407307,
    "pearson_r": 0.07281798824844997,
    "p_value": 0.15900212162110808
  }
}