{
  "entropy_mean": 3.7809096444332413,
  "entropy_std": 0.20329305053398658,
  "delta_mean": 0.2793275656724217,
  "delta_std": 0.011282870279381072,
  "pearson_r": 0.378543706540073,
  "p_value": 0.00011180641884776748
}