{
  "entropy_mean": 1.5265792789146135,
  "entropy_std": 0.10997348066486094,
  "delta_mean": 23.58972803990046,
  "delta_std": 6.165340182797996,
  "pearson_r": 0.4905211935146768,
  "p_value": 1.4405618466843786e-19
}