{
  "entropy_mean": 3.5777961190990437,
  "entropy_std": 0.6041251978392529,
  "delta_mean": 7.018587046464284,
  "delta_std": 1.570263713449682,
  "pearson_r": 0.4939662025837638,
  "p_value": 1.3314534776413964e-10
}