{
  "entropy_mean": 4.540528536036954,
  "entropy_std": 0.16497608359731197,
  "delta_mean": 0.7825233966413171,
  "delta_std": 0.023075779489556778,
  "pearson_r": -0.003113152519562038,
  "p_value": 0.9756027772503352
}