{
  "entropy_mean": 1.5903781576430913,
  "entropy_std": 0.03931143251045339,
  "delta_mean": 24.06677437384923,
  "delta_std": 4.698264291158555,
  "pearson_r": 0.2770469168523778,
  "p_value": 1.0919281485424428e-06
}