{
  "mean": {
    "entropy_mean": 4.538083809837491,
    "entropy_std": 0.12700252632240538,
    "delta_mean": 1.540535706611135,
    "delta_std": 0.042085778784828345,
    "pearson_r": -0.014793484678864294,
    "p_value": 0.538192733215676
  },
  "ci95": {
    "entropy_mean": 0.42375500006466665,
    "entropy_std": 0.17596820927098408,
    "delta_mean": 0.0022419625273407727,
    "delta_std": 0.0012898186823281836,
    "pearson_r": 0.041499048276005104,
    "p_value": 0.18839246520026978
  }
}