{
  "entropy_mean": 3.1163099991575365,
  "entropy_std": 0.461385979025702,
  "delta_mean": 7.988992967605591,
  "delta_std": 1.5598777509877588,
  "pearson_r": 0.37803186247319903,
  "p_value": 1.8478145488942935e-06
}