{
  "mean": {
    "entropy_mean": 1.6233547319984403,
    "entropy_std": 0.07949273373115592,
    "delta_mean": 17.496504853169125,
    "delta_std": 4.073018377890336,
    "pearson_r": 0.39450141968446034,
    "p_value": 0.000137507002083426
  },
  "ci95": {
    "entropy_mean": 0.018519175802400895,
    "entropy_std": 0.020007320988969717,
    "delta_mean": 0.7330658667587222,
    "delta_std": 0.3532783684758401,
    "pearson_r": 0.051794367464080844,
    "p_value": 0.00026951368214713265
  }
}