{
  "entropy_mean": 3.844178783543224,
  "entropy_std": 0.25572411578288223,
  "delta_mean": 0.2784145350132755,
  "delta_std": 0.008879712534135295,
  "pearson_r": 0.3331754906952872,
  "p_value": 1.5205985526612851e-06
}