{
  "entropy_mean": 3.824465529879695,
  "entropy_std": 0.2179984466311879,
  "delta_mean": 0.2766955626669841,
  "delta_std": 0.009190202741680791,
  "pearson_r": 0.11220353380337025,
  "p_value": 0.11460215145035403
}