{
  "entropy_mean": 3.3772698526347136,
  "entropy_std": 0.07055296137391061,
  "delta_mean": 1.7098699102799098,
  "delta_std": 0.036627646625985215,
  "pearson_r": 0.0014947434470228838,
  "p_value": 0.9870726692789884
}