{
  "entropy_mean": 1.595657122775455,
  "entropy_std": 0.024922411517796193,
  "delta_mean": 23.88004939079285,
  "delta_std": 5.530704188142269,
  "pearson_r": 0.061644885651629365,
  "p_value": 0.2872037594460605
}