{
  "entropy_mean": 3.4337849181023983,
  "entropy_std": 0.10020204231367007,
  "delta_mean": 2.10684676861763,
  "delta_std": 0.02879526963059977,
  "pearson_r": -0.018532982777328847,
  "p_value": 0.558291126680362
}