{
  "entropy_mean": 3.8242860699683034,
  "entropy_std": 0.31553176620044426,
  "delta_mean": 0.2785844989497252,
  "delta_std": 0.009811555683581786,
  "pearson_r": 0.4011868443899658,
  "p_value": 3.866317490350805e-05
}