{
  "entropy_mean": 1.6780913854799906,
  "entropy_std": 0.11727858277136842,
  "delta_mean": 9.662550777594248,
  "delta_std": 1.850104833345663,
  "pearson_r": 0.4520174302325957,
  "p_value": 6.381805299721988e-09
}