{
  "entropy_mean": 3.4904489265673915,
  "entropy_std": 0.08927346153638763,
  "delta_mean": 1.4295549355745316,
  "delta_std": 0.014368784768890445,
  "pearson_r": -0.07360353101674322,
  "p_value": 0.019922998936969544
}