{
  "entropy_mean": 1.65941575665157,
  "entropy_std": 0.10425570028665816,
  "delta_mean": 9.809579044183096,
  "delta_std": 2.006841672123852,
  "pearson_r": 0.3655966928492813,
  "p_value": 4.215835293152609e-06
}