{
  "entropy_mean": 3.423395785222446,
  "entropy_std": 0.07344423513945966,
  "delta_mean": 1.1643382211526234,
  "delta_std": 0.016828274882538678,
  "pearson_r": 0.12835259045381434,
  "p_value": 0.16238310660757646
}