{
  "entropy_mean": 3.5825462310185285,
  "entropy_std": 0.48438150299766397,
  "delta_mean": 8.391913953224817,
  "delta_std": 2.0890839074076286,
  "pearson_r": 0.2511364337779617,
  "p_value": 1.0705616255154696e-05
}