{
  "entropy_mean": 4.104515939598037,
  "entropy_std": 0.10822187855396578,
  "delta_mean": 0.42540002872596433,
  "delta_std": 0.023895619036273404,
  "pearson_r": -0.21739876939360772,
  "p_value": 0.0020393374478704864
}