{
  "mean": {
    "entropy_mean": 4.120460368116115,
    "entropy_std": 0.044319174161482774,
    "delta_mean": 1.1232192357580866,
    "delta_std": 0.022049546779366037,
    "pearson_r": -0.0661265606222555,
    "p_value": 0.3001123718692237
  },
  "ci95": {
    "entropy_mean": 0.008420813770701129,
    "entropy_std": 0.010712369073857355,
    "delta_mean": 0.0020127824512534316,
    "delta_std": 0.0010286456292220613,
    "pearson_r": 0.06141138211413076,
    "p_value": 0.2014885184345456
  }
}