{
  "entropy_mean": 4.366656173570283,
  "entropy_std": 0.3365139608006253,
  "delta_mean": 10.064078477223715,
  "delta_std": 2.2403897835410653,
  "pearson_r": 0.40990474765744067,
  "p_value": 1.8982322653984937e-07
}