{
  "entropy_mean": 4.760080724885452,
  "entropy_std": 0.022501309839540636,
  "delta_mean": 1.5395602035762077,
  "delta_std": 0.04539288303030587,
  "pearson_r": -0.12135436230865505,
  "p_value": 0.08773923893950941
}