{
  "entropy_mean": 3.6403329257381483,
  "entropy_std": 0.38426780123840754,
  "delta_mean": 0.2862310990540668,
  "delta_std": 0.016647840361985813,
  "pearson_r": 0.06015278054223813,
  "p_value": 0.5542207407848505
}