{
  "entropy_mean": 4.105988125954805,
  "entropy_std": 0.1081289623655418,
  "delta_mean": 0.43413384820348655,
  "delta_std": 0.01907259157941327,
  "pearson_r": -0.06272720900083385,
  "p_value": 0.37876780302937785
}