{
  "entropy_mean": 4.078337750756634,
  "entropy_std": 0.028611014408971194,
  "delta_mean": 2.22075782400189,
  "delta_std": 0.04368422232636011,
  "pearson_r": -0.016165674820806466,
  "p_value": 0.8738154107572184
}