{
  "mean": {
    "entropy_mean": 1.5076126815107345,
    "entropy_std": 0.1364999082141281,
    "delta_mean": 12.607268503109616,
    "delta_std": 2.2991078680678543,
    "pearson_r": 0.1001956709182239,
    "p_value": 1.5872552729272978e-06
  },
  "ci95": {
    "entropy_mean": 0.08760294279970818,
    "entropy_std": 0.03699280307392336,
    "delta_mean": 0.6755199035419501,
    "delta_std": 0.3243288502624054,
    "pearson_r": 0.3623886974553147,
    "p_value": 3.1110203108623114e-06
  }
}