{
  "mean": {
    "entropy_mean": 4.5288300420664545,
    "entropy_std": 0.20742017611940033,
    "delta_mean": 0.7815903414379466,
    "delta_std": 0.02203861971121033,
    "pearson_r": -0.06506615517569694,
    "p_value": 0.40797961544523104
  },
  "ci95": {
    "entropy_mean": 0.07206766355915872,
    "entropy_std": 0.06579027232465642,
    "delta_mean": 0.0021664678486509976,
    "delta_std": 0.0009081076917371239,
    "pearson_r": 0.057847433642189854,
    "p_value": 0.19103239547768525
  }
}