{
  "entropy_mean": 1.5842890503072025,
  "entropy_std": 0.10678133790919819,
  "delta_mean": 16.111997130711874,
  "delta_std": 3.552039227171619,
  "pearson_r": 0.5094427194803731,
  "p_value": 2.7832092160695966e-11
}