{
  "entropy_mean": 4.09791165555713,
  "entropy_std": 0.050289887239634214,
  "delta_mean": 1.1284351977870692,
  "delta_std": 0.022044077976309886,
  "pearson_r": -0.025701581745614842,
  "p_value": 0.7185921896547605
}