{
  "entropy_mean": 3.5654738722670993,
  "entropy_std": 0.37791083383735746,
  "delta_mean": 0.28762537481808903,
  "delta_std": 0.016077067811289942,
  "pearson_r": -0.02114531885093428,
  "p_value": 0.8354285175388705
}