{
  "entropy_mean": 4.010792402564522,
  "entropy_std": 0.16386280361875855,
  "delta_mean": 1.1257808633785151,
  "delta_std": 0.022505585903080088,
  "pearson_r": 0.01939425560217132,
  "p_value": 0.7857052897623323
}