{
  "entropy_mean": 1.550077982917716,
  "entropy_std": 0.04927043750907019,
  "delta_mean": 22.47189236799876,
  "delta_std": 5.483764296109383,
  "pearson_r": 0.3221819230489897,
  "p_value": 5.803976485520327e-05
}