{
  "entropy_mean": 4.752577761721138,
  "entropy_std": 0.04023158326038501,
  "delta_mean": 1.5436539686087407,
  "delta_std": 0.04484113339857753,
  "pearson_r": -0.05270501885893878,
  "p_value": 0.6043825406121869
}