{
  "entropy_mean": 4.611125629821309,
  "entropy_std": 0.1606354413153981,
  "delta_mean": 0.7791711236491348,
  "delta_std": 0.01941834717723947,
  "pearson_r": -0.13950649348801303,
  "p_value": 0.16845411971590696
}