{
  "entropy_mean": 4.670481599185336,
  "entropy_std": 0.11463163447625041,
  "delta_mean": 0.7797985672950745,
  "delta_std": 0.023462007429744487,
  "pearson_r": -0.19215607905744178,
  "p_value": 0.05672233151897878
}