{
  "mean": {
    "entropy_mean": 1.6093855897994096,
    "entropy_std": 0.13675902944037202,
    "delta_mean": 9.9381641497612,
    "delta_std": 2.030068936325348,
    "pearson_r": 0.21776425596677923,
    "p_value": 0.05660503387604998
  },
  "ci95": {
    "entropy_mean": 0.061833497737608295,
    "entropy_std": 0.03628212459492723,
    "delta_mean": 0.34836220190517203,
    "delta_std": 0.21866658163746133,
    "pearson_r": 0.22994478420156875,
    "p_value": 0.07130576617892585
  }
}