{
  "entropy_mean": 4.1422984847912225,
  "entropy_std": 0.10999195997561718,
  "delta_mean": 0.42881804223012443,
  "delta_std": 0.01603444896439644,
  "pearson_r": -0.2696919776186351,
  "p_value": 0.006943643635341324
}