{
  "entropy_mean": 4.118295671968077,
  "entropy_std": 0.08497918709286159,
  "delta_mean": 1.1228384360596164,
  "delta_std": 0.02209322079281242,
  "pearson_r": -0.1652103224081363,
  "p_value": 0.019703626399827735
}