{
  "entropy_mean": 4.581408395738435,
  "entropy_std": 0.23589350952405733,
  "delta_mean": 12.447525497674942,
  "delta_std": 2.6986204536019183,
  "pearson_r": 0.5825428078722807,
  "p_value": 1.1789902892365546e-28
}