{
  "entropy_mean": 4.648112920719678,
  "entropy_std": 0.11575925736204083,
  "delta_mean": 0.7762510288300826,
  "delta_std": 0.019848933020438823,
  "pearson_r": -0.08706771769576617,
  "p_value": 0.22139487823446743
}