{
  "entropy_mean": 4.030652342347335,
  "entropy_std": 0.2224132300363503,
  "delta_mean": 0.4214897820697957,
  "delta_std": 0.0114683380567186,
  "pearson_r": -0.08772073917200687,
  "p_value": 0.21793629591981856
}