{
  "entropy_mean": 3.8026772403580873,
  "entropy_std": 0.3231214695287033,
  "delta_mean": 6.907190361817678,
  "delta_std": 1.4431347038890692,
  "pearson_r": 0.1051232166590441,
  "p_value": 0.2004497712639941
}