{
  "entropy_mean": 3.6321720787576184,
  "entropy_std": 0.44727442226819986,
  "delta_mean": 6.989228956699371,
  "delta_std": 1.387356415307164,
  "pearson_r": 0.3117639713887195,
  "p_value": 0.0001029132307352109
}