{
  "entropy_mean": 1.31329383543951,
  "entropy_std": 0.1452419547042077,
  "delta_mean": 11.58390344977379,
  "delta_std": 2.239963821884463,
  "pearson_r": -0.8087614558187268,
  "p_value": 1.1493087987222635e-70
}