{
  "entropy_mean": 4.043778944181053,
  "entropy_std": 0.1807358433580789,
  "delta_mean": 0.42965044066159414,
  "delta_std": 0.023326327611990234,
  "pearson_r": 0.05220694600716489,
  "p_value": 0.6078075171601173
}