{
  "entropy_mean": 4.111891351453318,
  "entropy_std": 0.04721514292376475,
  "delta_mean": 1.1219281981689762,
  "delta_std": 0.02088075273829938,
  "pearson_r": -0.13007229581852112,
  "p_value": 0.19941307049765344
}