{
  "mean": {
    "entropy_mean": 4.720790661808055,
    "entropy_std": 0.08123176775158773,
    "delta_mean": 15.906577109654743,
    "delta_std": 3.826337146095876,
    "pearson_r": 0.4319946233462442,
    "p_value": 0.0003476018016328534
  },
  "ci95": {
    "entropy_mean": 0.01890941129864726,
    "entropy_std": 0.029234570000136198,
    "delta_mean": 0.8020837369037173,
    "delta_std": 0.365257624191738,
    "pearson_r": 0.08487042164185161,
    "p_value": 0.0006805020606873444
  }
}