{
  "entropy_mean": 4.092278935984883,
  "entropy_std": 0.08888062354206422,
  "delta_mean": 1.1253353092405531,
  "delta_std": 0.02278650400761417,
  "pearson_r": 0.12502394686406332,
  "p_value": 0.21756893477498163
}