{
  "entropy_mean": 3.408887285264355,
  "entropy_std": 0.34131305056375144,
  "delta_mean": 0.3008232529115195,
  "delta_std": 0.016386157611252002,
  "pearson_r": -0.14774453089764716,
  "p_value": 0.14445731290979455
}