{
  "entropy_mean": 3.435707001767494,
  "entropy_std": 0.10268661714810493,
  "delta_mean": 2.7632903501987456,
  "delta_std": 0.03247388305657207,
  "pearson_r": -0.0275549438600972,
  "p_value": 0.38406038937308
}