{
  "entropy_mean": 3.780944563917275,
  "entropy_std": 0.37733765896745824,
  "delta_mean": 6.731406258742014,
  "delta_std": 1.3841126043264935,
  "pearson_r": 0.22870601438174576,
  "p_value": 0.004877069850415632
}