{
  "entropy_mean": 3.395692812031246,
  "entropy_std": 0.43127119827104443,
  "delta_mean": 0.29555417185452715,
  "delta_std": 0.0124887699768631,
  "pearson_r": 0.16250122242499299,
  "p_value": 0.021837395052223138
}