{
  "entropy_mean": 3.4857142828172876,
  "entropy_std": 0.43281982933357527,
  "delta_mean": 9.029289013942083,
  "delta_std": 1.9560908107795885,
  "pearson_r": 0.091205423598405,
  "p_value": 0.11492980922498815
}