{
  "entropy_mean": 3.440131047214649,
  "entropy_std": 0.06287767766490761,
  "delta_mean": 1.16372795800368,
  "delta_std": 0.017932047291381214,
  "pearson_r": -0.07926627248262343,
  "p_value": 0.38946662349049493
}