{
  "entropy_mean": 4.753738102857352,
  "entropy_std": 0.05784293370666442,
  "delta_mean": 16.477425594727197,
  "delta_std": 4.047892011081502,
  "pearson_r": 0.30314088650446236,
  "p_value": 8.547704300426013e-08
}