{
  "entropy_mean": 3.7203019435088422,
  "entropy_std": 0.21196315459943543,
  "delta_mean": 0.28433784153593245,
  "delta_std": 0.01026079157371806,
  "pearson_r": 0.14353797480869485,
  "p_value": 0.04311625272159135
}