{
  "entropy_mean": 4.06755992990302,
  "entropy_std": 0.028652379726120492,
  "delta_mean": 2.223257230154833,
  "delta_std": 0.03912058974225192,
  "pearson_r": -0.020556991522905105,
  "p_value": 0.7731969654730974
}