{
  "entropy_mean": 4.672906660949835,
  "entropy_std": 0.1439959607506236,
  "delta_mean": 11.611510696411132,
  "delta_std": 2.979586659061521,
  "pearson_r": 0.26812814795367224,
  "p_value": 2.461703892656032e-06
}