{
  "entropy_mean": 1.5664764953020511,
  "entropy_std": 0.06648309187051175,
  "delta_mean": 24.312986651261646,
  "delta_std": 5.837810605785007,
  "pearson_r": 0.4195699595065362,
  "p_value": 3.2005691143521106e-14
}