{
  "entropy_mean": 4.03503866668504,
  "entropy_std": 0.08030453206998293,
  "delta_mean": 2.225498005373394,
  "delta_std": 0.04198779048117817,
  "pearson_r": -0.15043755134631262,
  "p_value": 0.03393031420328178
}