{
  "entropy_mean": 3.7739641213394077,
  "entropy_std": 0.2330820696765199,
  "delta_mean": 0.27983318875782454,
  "delta_std": 0.011063277973339298,
  "pearson_r": 0.3525114952217482,
  "p_value": 3.284767227305147e-07
}