{
  "entropy_mean": 4.752735518496507,
  "entropy_std": 0.03134013345245023,
  "delta_mean": 1.536675307019871,
  "delta_std": 0.04538963263430315,
  "pearson_r": 0.011807678548068669,
  "p_value": 0.8685313590182288
}