{
  "entropy_mean": 4.611943130722416,
  "entropy_std": 0.18620013953158207,
  "delta_mean": 0.7778582899414714,
  "delta_std": 0.02255974533961632,
  "pearson_r": 0.0060827688875660785,
  "p_value": 0.932048137809968
}