{
  "entropy_mean": 3.7777227947461722,
  "entropy_std": 0.2956691024658033,
  "delta_mean": 0.28820254345132845,
  "delta_std": 0.011988703969827031,
  "pearson_r": 0.21034623392759566,
  "p_value": 0.036637621482609295
}