{
  "entropy_mean": 1.4889874193280899,
  "entropy_std": 0.08738033668460052,
  "delta_mean": 13.961811340649923,
  "delta_std": 3.129420284571914,
  "pearson_r": -0.7399982425760843,
  "p_value": 2.8401509514640214e-27
}