{
  "entropy_mean": 3.8848885604333554,
  "entropy_std": 0.2637251554156886,
  "delta_mean": 7.98832253019015,
  "delta_std": 1.6941058365964372,
  "pearson_r": 0.06988197016133835,
  "p_value": 0.2275037387581685
}