{
  "entropy_mean": 4.107237851462591,
  "entropy_std": 0.07000019232357248,
  "delta_mean": 1.1242224989515361,
  "delta_std": 0.022688951478421808,
  "pearson_r": -0.17417701774434607,
  "p_value": 0.08466533425035565
}