{
  "entropy_mean": 4.451712777652008,
  "entropy_std": 0.26590797439949343,
  "delta_mean": 11.685260432958604,
  "delta_std": 2.7551418099884195,
  "pearson_r": 0.5638303663439148,
  "p_value": 1.4229234270914707e-26
}