{
  "mean": {
    "entropy_mean": 4.753052791918694,
    "entropy_std": 0.051761738996569016,
    "delta_mean": 16.05997397899628,
    "delta_std": 3.9312054443353275,
    "pearson_r": 0.28249636981250414,
    "p_value": 0.00045400918459790956
  },
  "ci95": {
    "entropy_mean": 0.003786164998250976,
    "entropy_std": 0.011068264616906702,
    "delta_mean": 0.8554160962737419,
    "delta_std": 0.3811738528413167,
    "pearson_r": 0.03917898718974999,
    "p_value": 0.0007070927532083093
  }
}