{
  "entropy_mean": 1.5590449038046916,
  "entropy_std": 0.1929827064821371,
  "delta_mean": 9.60054553747177,
  "delta_std": 1.9768328288109283,
  "pearson_r": 0.44352727063335223,
  "p_value": 1.3132088745494962e-08
}