{
  "entropy_mean": 4.0341714027079485,
  "entropy_std": 0.15859464453219232,
  "delta_mean": 1.1242170803474658,
  "delta_std": 0.024690716121455774,
  "pearson_r": -0.11619294443997023,
  "p_value": 0.2520821909533272
}