{
  "entropy_mean": 4.070122949675422,
  "entropy_std": 0.19126089684718375,
  "delta_mean": 0.4025329854151215,
  "delta_std": 0.012290503025693095,
  "pearson_r": -0.047940647583432666,
  "p_value": 0.6374861612516949
}