{
  "entropy_mean": 4.13879270402515,
  "entropy_std": 0.05100153565944268,
  "delta_mean": 1.1276573063147188,
  "delta_std": 0.021155194626337342,
  "pearson_r": -0.09183302523494083,
  "p_value": 0.36597697495621845
}