{
  "mean": {
    "entropy_mean": 4.066267840291454,
    "entropy_std": 0.030241482996252733,
    "delta_mean": 2.2252312269642127,
    "delta_std": 0.0414785645780222,
    "pearson_r": -0.02301045717578159,
    "p_value": 0.6242143700125474
  },
  "ci95": {
    "entropy_mean": 0.003008806001267995,
    "entropy_std": 0.004546818946951321,
    "delta_mean": 0.001092215200294309,
    "delta_std": 0.001011323256683879,
    "pearson_r": 0.02961832327555614,
    "p_value": 0.16465440704619844
  }
}