{
  "entropy_mean": 4.757583918488163,
  "entropy_std": 0.034282056643441694,
  "delta_mean": 1.539783391085538,
  "delta_std": 0.03800566380736904,
  "pearson_r": -0.19755730043963085,
  "p_value": 0.04998767137062664
}