{
  "entropy_mean": 4.120424194797564,
  "entropy_std": 0.05436108147671735,
  "delta_mean": 1.1224801564336422,
  "delta_std": 0.022106273630603263,
  "pearson_r": -0.11073249169763798,
  "p_value": 0.11946439444713164
}