{
  "entropy_mean": 3.590057771974068,
  "entropy_std": 0.46303966904429983,
  "delta_mean": 0.2959688486474933,
  "delta_std": 0.025395177634956457,
  "pearson_r": -0.15900522414704746,
  "p_value": 0.11594868955583626
}