{
  "entropy_mean": 1.5604687409171427,
  "entropy_std": 0.06728285919605383,
  "delta_mean": 19.182607606252034,
  "delta_std": 4.299717164424459,
  "pearson_r": 0.29616416144111435,
  "p_value": 0.0002334007681976157
}