{
  "entropy_mean": 1.5219127469733507,
  "entropy_std": 0.14274580293231098,
  "delta_mean": 17.453111554781596,
  "delta_std": 4.145786756589309,
  "pearson_r": 0.4379406203107125,
  "p_value": 1.7302183859281162e-15
}