{
  "entropy_mean": 1.5957623052018008,
  "entropy_std": 0.044157520088338925,
  "delta_mean": 24.716066292921703,
  "delta_std": 5.55421043544302,
  "pearson_r": 0.4165431692719249,
  "p_value": 5.089877669147026e-14
}