{
  "entropy_mean": 3.470961262201204,
  "entropy_std": 0.4963535958320152,
  "delta_mean": 8.346257045269013,
  "delta_std": 2.071441291237771,
  "pearson_r": 0.0636426584065879,
  "p_value": 0.4390937504504383
}