{
  "entropy_mean": 4.09635242520887,
  "entropy_std": 0.0700411477331528,
  "delta_mean": 1.1296406133690071,
  "delta_std": 0.02399851078914618,
  "pearson_r": -0.1357043828454871,
  "p_value": 0.05598705608386145
}