{
  "entropy_mean": 4.716023042995082,
  "entropy_std": 0.1464600445038737,
  "delta_mean": 14.80489695072174,
  "delta_std": 4.003932922942213,
  "pearson_r": 0.44052297666276324,
  "p_value": 1.6872947083619636e-08
}