{
  "mean": {
    "entropy_mean": 4.566493303014153,
    "entropy_std": 0.16725768539656463,
    "delta_mean": 0.7806969282016084,
    "delta_std": 0.02198571134203729,
    "pearson_r": -0.03213262016474919,
    "p_value": 0.5500067224529138
  },
  "ci95": {
    "entropy_mean": 0.041039214208170915,
    "entropy_std": 0.05233073392691186,
    "delta_mean": 0.0017636284688797813,
    "delta_std": 0.0004640694175645847,
    "pearson_r": 0.03451204724832138,
    "p_value": 0.2080000348645918
  }
}