{
  "entropy_mean": 4.129368035713582,
  "entropy_std": 0.09052885731046588,
  "delta_mean": 0.40818177290897273,
  "delta_std": 0.011986391548983183,
  "pearson_r": -0.22019387040706667,
  "p_value": 0.0017774742654491028
}