{
  "entropy_mean": 4.060217496982954,
  "entropy_std": 0.04272209465986803,
  "delta_mean": 2.2253017353289053,
  "delta_std": 0.038434698732905684,
  "pearson_r": -0.0045170477829634135,
  "p_value": 0.9646067020555198
}