{
  "mean": {
    "entropy_mean": 3.5015091483086977,
    "entropy_std": 0.4243629402505948,
    "delta_mean": 6.9185698430538185,
    "delta_std": 1.4401807801045374,
    "pearson_r": 0.21790484163070922,
    "p_value": 0.07316991581825735
  },
  "ci95": {
    "entropy_mean": 0.1651954303908218,
    "entropy_std": 0.05454018093041389,
    "delta_mean": 0.357441666874001,
    "delta_std": 0.19806754671955062,
    "pearson_r": 0.2077600649387389,
    "p_value": 0.13791348748235882
  }
}