{
  "entropy_mean": 3.5915563716031262,
  "entropy_std": 0.1660067894443906,
  "delta_mean": 0.40929633708455454,
  "delta_std": 0.014615238492285337,
  "pearson_r": 0.3567432979141073,
  "p_value": 2.3163961943801426e-07
}