{
  "entropy_mean": 4.756323293429543,
  "entropy_std": 0.039270711565642595,
  "delta_mean": 1.5385112438968678,
  "delta_std": 0.04222875966548127,
  "pearson_r": -0.03161535703003748,
  "p_value": 0.6575554338970351
}