{
  "mean": {
    "entropy_mean": 4.0787133672075635,
    "entropy_std": 0.07997987990187436,
    "delta_mean": 1.1268269427457647,
    "delta_std": 0.022306334553549887,
    "pearson_r": -0.05632025873856257,
    "p_value": 0.37868232188443945
  },
  "ci95": {
    "entropy_mean": 0.038001313729310704,
    "entropy_std": 0.02603699818543358,
    "delta_mean": 0.0019445827136992861,
    "delta_std": 0.000634559492221348,
    "pearson_r": 0.05014768504146364,
    "p_value": 0.19838327757957025
  }
}