{
  "entropy_mean": 4.130499733571337,
  "entropy_std": 0.12238239960269408,
  "delta_mean": 0.40165110329287734,
  "delta_std": 0.009957626272592366,
  "pearson_r": -0.07735552327859563,
  "p_value": 0.2774844391300706
}