{
  "entropy_mean": 2.816928483418146,
  "entropy_std": 0.3732532844473855,
  "delta_mean": 7.958522835572561,
  "delta_std": 2.1926776826208503,
  "pearson_r": -0.5756181081870977,
  "p_value": 1.3051426343107437e-14
}