{
  "entropy_mean": 4.56966369506077,
  "entropy_std": 0.21226037036095338,
  "delta_mean": 11.755127300421396,
  "delta_std": 2.5807567884014584,
  "pearson_r": 0.49018766131514585,
  "p_value": 1.537044865422056e-19
}