{
  "entropy_mean": 1.5844653243759468,
  "entropy_std": 0.02282413058638121,
  "delta_mean": 23.001210163434347,
  "delta_std": 5.119435774481975,
  "pearson_r": 0.19664244176920975,
  "p_value": 0.0006142770527158006
}