{
  "entropy_mean": 1.2007076818376132,
  "entropy_std": 0.13294307937812885,
  "delta_mean": 12.405240022738775,
  "delta_std": 2.0494717673104437,
  "pearson_r": -0.41141392916102054,
  "p_value": 1.1054616405362134e-13
}