{
  "entropy_mean": 4.182485341480099,
  "entropy_std": 0.04296979989806446,
  "delta_mean": 0.4003861425210483,
  "delta_std": 0.010988456926523272,
  "pearson_r": -0.20289435524679728,
  "p_value": 0.0040517917051097465
}