{
  "entropy_mean": 4.594156668590863,
  "entropy_std": 0.1637578048449581,
  "delta_mean": 12.784991215864817,
  "delta_std": 3.1677017231378963,
  "pearson_r": 0.42469276353984187,
  "p_value": 6.076641221632414e-08
}