{
  "entropy_mean": 4.063029476143536,
  "entropy_std": 0.030667345406025025,
  "delta_mean": 2.2297501395447084,
  "delta_std": 0.041597134168060525,
  "pearson_r": 0.07506292931797705,
  "p_value": 0.460256835673014
}