{
  "entropy_mean": 4.102666153208335,
  "entropy_std": 0.1634089333970783,
  "delta_mean": 0.40276733175594004,
  "delta_std": 0.018235579621168736,
  "pearson_r": -0.049942878688479596,
  "p_value": 0.4835963523648849
}