{
  "entropy_mean": 4.108082805360377,
  "entropy_std": 0.04424999703320147,
  "delta_mean": 1.1212513747841422,
  "delta_std": 0.02081835585420022,
  "pearson_r": 0.06571160216256984,
  "p_value": 0.5181385207041577
}