{
  "entropy_mean": 3.8580930038656276,
  "entropy_std": 0.19773822188112847,
  "delta_mean": 0.4231087938703672,
  "delta_std": 0.012912493100957441,
  "pearson_r": 0.06910561186412117,
  "p_value": 0.49671167835186864
}