{
  "entropy_mean": 4.687939778108256,
  "entropy_std": 0.13356188012333925,
  "delta_mean": 1.5377827617857192,
  "delta_std": 0.04509322909385208,
  "pearson_r": -0.004143659083894817,
  "p_value": 0.9675307246583968
}