{
  "entropy_mean": 1.5663739426803747,
  "entropy_std": 0.19181865003918663,
  "delta_mean": 14.501110566457113,
  "delta_std": 3.516563850235775,
  "pearson_r": 0.44768471350272887,
  "p_value": 9.24579745081672e-09
}