{
  "entropy_mean": 2.7732884039542114,
  "entropy_std": 0.7134687489914959,
  "delta_mean": 7.915539738734563,
  "delta_std": 1.4419532488322429,
  "pearson_r": 0.4333641075722079,
  "p_value": 3.6390987717210426e-15
}