{
  "entropy_mean": 4.065378889883894,
  "entropy_std": 0.044535812755126775,
  "delta_mean": 2.224651305519756,
  "delta_std": 0.04432859164480769,
  "pearson_r": -0.10355911391221145,
  "p_value": 0.1455047213097814
}