{
  "entropy_mean": 4.062000998460027,
  "entropy_std": 0.027711354721152038,
  "delta_mean": 2.2258894802936955,
  "delta_std": 0.04231768083649462,
  "pearson_r": 0.029663162576275885,
  "p_value": 0.6774788894110516
}