{
  "entropy_mean": 1.580442245017016,
  "entropy_std": 0.06458622873280376,
  "delta_mean": 19.818236373265584,
  "delta_std": 5.436505678441315,
  "pearson_r": 0.45119051480950334,
  "p_value": 6.852434184152756e-09
}