{
  "entropy_mean": 4.077353225752245,
  "entropy_std": 0.08553320530855868,
  "delta_mean": 1.1264812958360924,
  "delta_std": 0.02168368296231466,
  "pearson_r": 0.1423852128377276,
  "p_value": 0.15975483527803863
}