{
  "entropy_mean": 2.8255968915546426,
  "entropy_std": 0.375125499223615,
  "delta_mean": 7.738296888669332,
  "delta_std": 1.2702195755999517,
  "pearson_r": -0.07497751736285029,
  "p_value": 0.19530269564072741
}