{
  "entropy_mean": 2.966446477979174,
  "entropy_std": 0.4244452624425054,
  "delta_mean": 7.083618553479512,
  "delta_std": 1.3921558669456922,
  "pearson_r": 0.013030132594998522,
  "p_value": 0.8742538278431116
}