{
  "mean": {
    "entropy_mean": 4.2974514397883095,
    "entropy_std": 0.31528530162938595,
    "delta_mean": 9.956489541689555,
    "delta_std": 2.182246604363703,
    "pearson_r": 0.22248095188334682,
    "p_value": 0.036385597685932636
  },
  "ci95": {
    "entropy_mean": 0.15956185652124805,
    "entropy_std": 0.04733210741890948,
    "delta_mean": 0.38338701100966194,
    "delta_std": 0.1944647665861734,
    "pearson_r": 0.27019372572761097,
    "p_value": 0.06906102918358059
  }
}