{
  "entropy_mean": 4.564374984495899,
  "entropy_std": 0.2996910832064902,
  "delta_mean": 9.375396585464477,
  "delta_std": 1.8773800349042438,
  "pearson_r": 0.47677425523809885,
  "p_value": 6.928769851885252e-10
}