{
  "entropy_mean": 4.639824497368963,
  "entropy_std": 0.1119040381850157,
  "delta_mean": 0.7766834906857423,
  "delta_std": 0.01922162034741168,
  "pearson_r": 0.07919138073080285,
  "p_value": 0.4358842985166536
}