{
  "entropy_mean": 3.4041181670640612,
  "entropy_std": 0.11076480788725111,
  "delta_mean": 2.7662706413269045,
  "delta_std": 0.03164053508999786,
  "pearson_r": 0.03302686622115224,
  "p_value": 0.2967725194440864
}