{
  "entropy_mean": 4.7585966945195715,
  "entropy_std": 0.04840579328324971,
  "delta_mean": 1.5457418833545704,
  "delta_std": 0.0440939774993841,
  "pearson_r": -0.06599331118679258,
  "p_value": 0.3543963103261427
}