{
  "entropy_mean": 4.336912133563798,
  "entropy_std": 0.37396691872251686,
  "delta_mean": 10.16201728741328,
  "delta_std": 2.4436325168641986,
  "pearson_r": 0.4588253635503467,
  "p_value": 3.5268291163337843e-09
}