{
  "mean": {
    "entropy_mean": 4.056245919558899,
    "entropy_std": 0.0980581708109344,
    "delta_mean": 1.127971673132193,
    "delta_std": 0.022514271120465067,
    "pearson_r": -0.05948299286699821,
    "p_value": 0.32938248234606937
  },
  "ci95": {
    "entropy_mean": 0.050065130937594376,
    "entropy_std": 0.029813828338574874,
    "delta_mean": 0.0026100358040158896,
    "delta_std": 0.000996694546940943,
    "pearson_r": 0.06393066739346691,
    "p_value": 0.13371334605099675
  }
}