{
  "entropy_mean": 4.067365849608089,
  "entropy_std": 0.03835727045067413,
  "delta_mean": 2.224122418830143,
  "delta_std": 0.04139347283041688,
  "pearson_r": 0.04183777768390841,
  "p_value": 0.5573827327286127
}