{
  "entropy_mean": 3.4355197841637835,
  "entropy_std": 0.39561574706917607,
  "delta_mean": 0.2917447460420204,
  "delta_std": 0.01773485049440813,
  "pearson_r": 0.24950266049175168,
  "p_value": 0.012755882296150062
}