{
  "entropy_mean": 3.473950920696774,
  "entropy_std": 0.09318209560669473,
  "delta_mean": 1.656088534593582,
  "delta_std": 0.013822541935516427,
  "pearson_r": 0.052470799698106425,
  "p_value": 0.13812774441626205
}