{
  "entropy_mean": 1.5755477954645096,
  "entropy_std": 0.07585827486285374,
  "delta_mean": 24.075204226970673,
  "delta_std": 5.973384266995504,
  "pearson_r": 0.24872759972800046,
  "p_value": 1.3078004452489498e-05
}