{
  "mean": {
    "entropy_mean": 4.512554064499804,
    "entropy_std": 0.16168618841015223,
    "delta_mean": 0.7787029781726875,
    "delta_std": 0.021531374541636256,
    "pearson_r": -0.032096258914212736,
    "p_value": 0.42926688099089627
  },
  "ci95": {
    "entropy_mean": 0.25728076753106877,
    "entropy_std": 0.07518127630316236,
    "delta_mean": 0.002142014328446868,
    "delta_std": 0.0012741165305631351,
    "pearson_r": 0.06145710068349183,
    "p_value": 0.16975687223404912
  }
}