{
  "entropy_mean": 4.755763842512802,
  "entropy_std": 0.03113550448462182,
  "delta_mean": 1.5478248128938914,
  "delta_std": 0.04178607360980716,
  "pearson_r": -0.0824235806823134,
  "p_value": 0.24711985627429275
}