{
  "entropy_mean": 1.4287411246555466,
  "entropy_std": 0.0822014941038466,
  "delta_mean": 12.32316044251124,
  "delta_std": 2.075610990156207,
  "pearson_r": -0.8036593203149145,
  "p_value": 3.83849236048072e-69
}