{
  "entropy_mean": 4.715891181483031,
  "entropy_std": 0.09454473475809272,
  "delta_mean": 1.5424644599607842,
  "delta_std": 0.040623083722553646,
  "pearson_r": 0.027313904017047967,
  "p_value": 0.701753734210099
}