{
  "entropy_mean": 3.445842709149575,
  "entropy_std": 0.08517295277465489,
  "delta_mean": 1.1623389641443889,
  "delta_std": 0.02211159973550711,
  "pearson_r": -0.2635826549813864,
  "p_value": 0.0036281435777065106
}