{
  "entropy_mean": 4.664372365292222,
  "entropy_std": 0.08785238557682148,
  "delta_mean": 0.7758841484484046,
  "delta_std": 0.022886322352739484,
  "pearson_r": 0.03859914247976855,
  "p_value": 0.704449932273475
}