{
  "entropy_mean": 1.6042189976908665,
  "entropy_std": 0.046517207723037496,
  "delta_mean": 15.721933603286743,
  "delta_std": 3.5799195155924495,
  "pearson_r": 0.019400596032018783,
  "p_value": 0.8137102586496613
}