{
  "mean": {
    "entropy_mean": 3.8192943509732005,
    "entropy_std": 0.2644265270596916,
    "delta_mean": 0.2832597517787511,
    "delta_std": 0.01244903144277762,
    "pearson_r": 0.08605708248295904,
    "p_value": 0.17491262090903525
  },
  "ci95": {
    "entropy_mean": 0.050163562535450595,
    "entropy_std": 0.033809622015480434,
    "delta_mean": 0.0029803220311065575,
    "delta_std": 0.002063924916039234,
    "pearson_r": 0.11340075830046183,
    "p_value": 0.15148538457982852
  }
}