{
  "entropy_mean": 3.8580167248962547,
  "entropy_std": 0.6635714886055895,
  "delta_mean": 9.27119634548823,
  "delta_std": 2.038410600638808,
  "pearson_r": -0.6583224956572795,
  "p_value": 5.458176571239905e-20
}