{
  "entropy_mean": 4.50855257851825,
  "entropy_std": 0.31670552961255477,
  "delta_mean": 9.340749176343282,
  "delta_std": 2.2780068865695533,
  "pearson_r": 0.5610880601738308,
  "p_value": 8.137835460092907e-14
}