{
  "entropy_mean": 4.013352057901196,
  "entropy_std": 0.21083546866580222,
  "delta_mean": 0.4146928212257347,
  "delta_std": 0.0144919523633041,
  "pearson_r": -0.05685007508473679,
  "p_value": 0.576216632906683
}