{
  "entropy_mean": 3.089196068906915,
  "entropy_std": 0.4788021116864145,
  "delta_mean": 7.931906284491221,
  "delta_std": 1.6975722634454675,
  "pearson_r": 0.4776789659113774,
  "p_value": 6.367092928044448e-10
}