{
  "entropy_mean": 3.3637552815045266,
  "entropy_std": 0.504428303415941,
  "delta_mean": 7.676173156102498,
  "delta_std": 1.5166823021690354,
  "pearson_r": 0.4544640433022311,
  "p_value": 5.164542243031447e-09
}