{
  "mean": {
    "entropy_mean": 1.548763108434778,
    "entropy_std": 0.11756541356191001,
    "delta_mean": 15.264756059805553,
    "delta_std": 3.369082632456601,
    "pearson_r": 0.25098106258333813,
    "p_value": 8.101107245042715e-08
  },
  "ci95": {
    "entropy_mean": 0.06048079655111775,
    "entropy_std": 0.027152744546993908,
    "delta_mean": 0.5551884536204212,
    "delta_std": 0.2635789078924717,
    "pearson_r": 0.32145628495323236,
    "p_value": 1.398979656925256e-07
  }
}