{
  "entropy_mean": 4.095756058460796,
  "entropy_std": 0.07881473922771468,
  "delta_mean": 0.4120236145491576,
  "delta_std": 0.012022210189377713,
  "pearson_r": -0.1576958776305099,
  "p_value": 0.026115001767281276
}