{
  "entropy_mean": 2.859061539984252,
  "entropy_std": 0.6715394600085982,
  "delta_mean": 0.7840447782272071,
  "delta_std": 0.02174490578182327,
  "pearson_r": 0.1481046261089482,
  "p_value": 0.03683047987238103
}