{
  "entropy_mean": 3.608337149892494,
  "entropy_std": 0.2755726775171025,
  "delta_mean": 0.2846957286398614,
  "delta_std": 0.009442345222912549,
  "pearson_r": 0.12687345704095612,
  "p_value": 0.07414482477548222
}