{
  "entropy_mean": 1.6171471160965423,
  "entropy_std": 0.0739952863662831,
  "delta_mean": 18.472109752496085,
  "delta_std": 3.9757522876125786,
  "pearson_r": 0.4194734764317782,
  "p_value": 3.248485633476866e-14
}