{
  "entropy_mean": 3.790165086566783,
  "entropy_std": 0.16904828085837398,
  "delta_mean": 0.2784129370696581,
  "delta_std": 0.009258608211325368,
  "pearson_r": 0.2402961617854417,
  "p_value": 0.0006292811014793255
}