{
  "entropy_mean": 3.7523784837396246,
  "entropy_std": 0.5148350434693231,
  "delta_mean": 6.851022109190623,
  "delta_std": 1.695866518341598,
  "pearson_r": 0.319335783817239,
  "p_value": 6.801291187479946e-05
}