{
  "entropy_mean": 3.4232030111914815,
  "entropy_std": 0.07362967314603257,
  "delta_mean": 1.1645075639088949,
  "delta_std": 0.01670490328725866,
  "pearson_r": 0.11726260913582069,
  "p_value": 0.20212959799991537
}