{
  "mean": {
    "entropy_mean": 4.51906106777871,
    "entropy_std": 0.22665520568865127,
    "delta_mean": 11.847305630366005,
    "delta_std": 2.7717261364017824,
    "pearson_r": 0.3285169431239906,
    "p_value": 0.07294242424883676
  },
  "ci95": {
    "entropy_mean": 0.1999741886653313,
    "entropy_std": 0.08338384810082049,
    "delta_mean": 0.450830050349209,
    "delta_std": 0.20613127597069458,
    "pearson_r": 0.11733945932675688,
    "p_value": 0.13370936885174595
  }
}