{
  "entropy_mean": 4.7277202256634485,
  "entropy_std": 0.08585598575737391,
  "delta_mean": 12.15484403928121,
  "delta_std": 3.39743056368996,
  "pearson_r": 0.3444082819689858,
  "p_value": 1.591555154738926e-05
}