{
  "entropy_mean": 1.5771156223829175,
  "entropy_std": 0.037718820989620226,
  "delta_mean": 20.246326581637064,
  "delta_std": 4.642149949142632,
  "pearson_r": 0.29247130376393726,
  "p_value": 0.0002814467063471449
}