{
  "entropy_mean": 4.642367083648185,
  "entropy_std": 0.24062084391692223,
  "delta_mean": 12.042585672140122,
  "delta_std": 3.549474570371888,
  "pearson_r": 0.3893153474846597,
  "p_value": 2.694419940403091e-12
}