{
  "entropy_mean": 0.9490372196463158,
  "entropy_std": 0.1728816923459089,
  "delta_mean": 22.498364831606548,
  "delta_std": 5.441255300175945,
  "pearson_r": -0.83319339455982,
  "p_value": 6.535166022968898e-40
}