{
  "entropy_mean": 4.6626331305011295,
  "entropy_std": 0.12167655524974828,
  "delta_mean": 0.7743694306624056,
  "delta_std": 0.02129187564139789,
  "pearson_r": 0.08396957041601928,
  "p_value": 0.40861320267971624
}