{
  "entropy_mean": 4.143665182315573,
  "entropy_std": 0.03491869584667706,
  "delta_mean": 1.1241528253362636,
  "delta_std": 0.021008615584829034,
  "pearson_r": -0.11777978215865237,
  "p_value": 0.24561871255347661
}