{
  "entropy_mean": 4.752651194700424,
  "entropy_std": 0.02979497823465238,
  "delta_mean": 1.5422517672256009,
  "delta_std": 0.03979026676810608,
  "pearson_r": -0.01960768697390723,
  "p_value": 0.7834050437563274
}