{
  "entropy_mean": 0.8918035659600946,
  "entropy_std": 0.27024538139707127,
  "delta_mean": 15.812994637489318,
  "delta_std": 4.005451134365744,
  "pearson_r": -0.61998342151754,
  "p_value": 2.6812965137601286e-17
}