{
  "entropy_mean": 4.657603667505187,
  "entropy_std": 0.17997545398075238,
  "delta_mean": 11.75419534087181,
  "delta_std": 2.6158837261390264,
  "pearson_r": 0.11676697216415133,
  "p_value": 0.04328615120986908
}