{
  "entropy_mean": 4.0413561559827365,
  "entropy_std": 0.12522835913377756,
  "delta_mean": 1.125545716764939,
  "delta_std": 0.0219386191695578,
  "pearson_r": -0.15850761734684826,
  "p_value": 0.02534557916472444
}