{
  "entropy_mean": 4.059243859052815,
  "entropy_std": 0.06338853065267137,
  "delta_mean": 2.2255054131225127,
  "delta_std": 0.041709411746692626,
  "pearson_r": -0.003938703198540989,
  "p_value": 0.955969220311543
}