{
  "entropy_mean": 4.671300820863098,
  "entropy_std": 0.17013808893530452,
  "delta_mean": 0.7730837909862248,
  "delta_std": 0.01853619875385601,
  "pearson_r": 0.15564133754019527,
  "p_value": 0.12396676538274104
}