{
  "entropy_mean": 3.4673397305173874,
  "entropy_std": 0.08866097121328147,
  "delta_mean": 1.4308478664159774,
  "delta_std": 0.014310647675519723,
  "pearson_r": 0.21165787121484345,
  "p_value": 1.3648851877628311e-11
}