{
  "entropy_mean": 4.093071425873934,
  "entropy_std": 0.07325331850851251,
  "delta_mean": 1.1259758041132635,
  "delta_std": 0.01956562061843526,
  "pearson_r": 0.11970219818528435,
  "p_value": 0.0921758523098833
}