{
  "entropy_mean": 4.094428224970346,
  "entropy_std": 0.09341856525700454,
  "delta_mean": 0.4127810772019203,
  "delta_std": 0.011849591711576133,
  "pearson_r": -0.08348712471273835,
  "p_value": 0.4113204468928543
}