{
  "entropy_mean": 3.8966506478463576,
  "entropy_std": 0.21856570348649518,
  "delta_mean": 0.4240884072517031,
  "delta_std": 0.020000210462392518,
  "pearson_r": 0.061651720287949886,
  "p_value": 0.38701191369338367
}