{
  "entropy_mean": 1.2451395873557518,
  "entropy_std": 0.1351673808637405,
  "delta_mean": 10.437257169882457,
  "delta_std": 1.9380105454129049,
  "pearson_r": -0.5648450306442709,
  "p_value": 5.113292337699548e-14
}