{
  "entropy_mean": 4.124783260885415,
  "entropy_std": 0.04777055297628618,
  "delta_mean": 1.128437432811488,
  "delta_std": 0.020056838752254034,
  "pearson_r": -0.1298226645202946,
  "p_value": 0.06761276254831657
}