{
  "entropy_mean": 4.625746412084198,
  "entropy_std": 0.23874259157666047,
  "delta_mean": 0.7842713895470205,
  "delta_std": 0.02236109115834583,
  "pearson_r": -0.201672586751871,
  "p_value": 0.04531157753589493
}