{
  "entropy_mean": 4.755681756849884,
  "entropy_std": 0.047423401438140465,
  "delta_mean": 1.5365872263309344,
  "delta_std": 0.04092078272053671,
  "pearson_r": -0.06864732305621409,
  "p_value": 0.335333675227792
}