{
  "entropy_mean": 1.5796479452617656,
  "entropy_std": 0.038147592195814144,
  "delta_mean": 24.956652551492056,
  "delta_std": 6.555979303446678,
  "pearson_r": 0.34492968825243897,
  "p_value": 8.3127175872905e-10
}