{
  "entropy_mean": 4.024333939066274,
  "entropy_std": 0.16795627841143504,
  "delta_mean": 0.4123146859082309,
  "delta_std": 0.015145491789874874,
  "pearson_r": -0.19684434521469502,
  "p_value": 0.05083691608905653
}