{
  "entropy_mean": 3.350635809681675,
  "entropy_std": 0.07417964213551016,
  "delta_mean": 2.244082756837209,
  "delta_std": 0.04536282256978312,
  "pearson_r": -0.007793428482999798,
  "p_value": 0.9326744715109454
}