{
  "entropy_mean": 4.666667230428985,
  "entropy_std": 0.10655025099107177,
  "delta_mean": 0.7749341714261758,
  "delta_std": 0.01978192488052888,
  "pearson_r": 0.05127586905529228,
  "p_value": 0.6142327615961214
}