{
  "entropy_mean": 3.4449880665199943,
  "entropy_std": 0.08184208506662424,
  "delta_mean": 2.1086995046138766,
  "delta_std": 0.03130882419132167,
  "pearson_r": -0.0877976348263341,
  "p_value": 0.005464429237751426
}