{
  "entropy_mean": 3.4418090179054515,
  "entropy_std": 0.38435858414632984,
  "delta_mean": 0.29404124392935976,
  "delta_std": 0.017495127237853243,
  "pearson_r": -0.18184974674677187,
  "p_value": 0.010151789635047844
}