{
  "entropy_mean": 4.672911502971536,
  "entropy_std": 0.0909538045661088,
  "delta_mean": 0.7774118197084677,
  "delta_std": 0.024644114714138268,
  "pearson_r": -0.15730510762451347,
  "p_value": 0.11994938396141852
}