{
  "entropy_mean": 3.689706509342983,
  "entropy_std": 0.26985579139959215,
  "delta_mean": 0.27877950728239126,
  "delta_std": 0.008850583674381548,
  "pearson_r": 0.10045544571918823,
  "p_value": 0.15802509876159876
}