{
  "entropy_mean": 3.4116294034637775,
  "entropy_std": 0.06496880290793762,
  "delta_mean": 1.1626789778470994,
  "delta_std": 0.02254681701821889,
  "pearson_r": 0.11400909472310512,
  "p_value": 0.21501904266986274
}