{
  "entropy_mean": 4.112149105359033,
  "entropy_std": 0.06058639928470712,
  "delta_mean": 1.1229961128091093,
  "delta_std": 0.021196985899384624,
  "pearson_r": -0.14367897996682089,
  "p_value": 0.04290949796466466
}