{
  "mean": {
    "entropy_mean": 4.065573677335332,
    "entropy_std": 0.03555727018872696,
    "delta_mean": 2.2258595762830793,
    "delta_std": 0.04121088056730652,
    "pearson_r": 0.004969651573128427,
    "p_value": 0.5320161650061548
  },
  "ci95": {
    "entropy_mean": 0.0033092977616491067,
    "entropy_std": 0.007449560647511201,
    "delta_mean": 0.0022826592958007006,
    "delta_std": 0.0015813408289025149,
    "pearson_r": 0.06447597172068714,
    "p_value": 0.1868486705811745
  }
}