{
  "entropy_mean": 4.071055288407352,
  "entropy_std": 0.0322843678316269,
  "delta_mean": 2.2238901643896822,
  "delta_std": 0.0417444449980246,
  "pearson_r": -0.12839727393227665,
  "p_value": 0.0707086110117243
}