{
  "entropy_mean": 4.489354489677033,
  "entropy_std": 0.4055039202640983,
  "delta_mean": 10.183259036540985,
  "delta_std": 3.0399472303331323,
  "pearson_r": 0.3623944537890515,
  "p_value": 5.18496662797519e-06
}