{
  "entropy_mean": 4.646222191180226,
  "entropy_std": 0.12587504044229414,
  "delta_mean": 0.781199068132073,
  "delta_std": 0.02059811205904268,
  "pearson_r": -0.07363036999002227,
  "p_value": 0.4688861456104797
}