{
  "entropy_mean": 4.726884014485619,
  "entropy_std": 0.08588512918314133,
  "delta_mean": 13.017667825222015,
  "delta_std": 3.1738036013394257,
  "pearson_r": 0.28685168131499833,
  "p_value": 0.00037240730133437786
}