{
  "mean": {
    "entropy_mean": 4.146159713379404,
    "entropy_std": 0.09633031669645283,
    "delta_mean": 0.40782133734705467,
    "delta_std": 0.01511204856752979,
    "pearson_r": -0.12751917966455528,
    "p_value": 0.1814933778622023
  },
  "ci95": {
    "entropy_mean": 0.022940022006905432,
    "entropy_std": 0.0244936379939359,
    "delta_mean": 0.005132648888418894,
    "delta_std": 0.0031165316578992516,
    "pearson_r": 0.06373518711426139,
    "p_value": 0.11365515518963358
  }
}