{
  "entropy_mean": 4.0681983812926585,
  "entropy_std": 0.02859134180435342,
  "delta_mean": 2.2239865082592223,
  "delta_std": 0.03821946974699918,
  "pearson_r": -0.016118983330156208,
  "p_value": 0.8212259408781455
}