{
  "entropy_mean": 1.5892653813290183,
  "entropy_std": 0.043033769370686044,
  "delta_mean": 25.96890740553538,
  "delta_std": 6.341989023598576,
  "pearson_r": 0.20353842652307386,
  "p_value": 0.00038834300164443804
}