{
  "entropy_mean": 1.4363996605052938,
  "entropy_std": 0.22645533274406174,
  "delta_mean": 11.176235285600027,
  "delta_std": 1.8998641636577573,
  "pearson_r": 0.5845401930616292,
  "p_value": 4.053569609065202e-15
}