{
  "entropy_mean": 3.4636500379328696,
  "entropy_std": 0.33760433638032883,
  "delta_mean": 0.290282740814602,
  "delta_std": 0.015066030351714544,
  "pearson_r": 0.1784026004856706,
  "p_value": 0.011699453505344239
}