{
  "entropy_mean": 4.695464122685001,
  "entropy_std": 0.1746827692117072,
  "delta_mean": 0.7779196862018469,
  "delta_std": 0.0208483085254497,
  "pearson_r": -0.15269633674209673,
  "p_value": 0.13133019404588023
}