{
  "entropy_mean": 1.6221979783823812,
  "entropy_std": 0.06209113739980729,
  "delta_mean": 18.416827364762625,
  "delta_std": 4.204365490905742,
  "pearson_r": 0.49078693572829535,
  "p_value": 1.3679733282927689e-19
}