{
  "entropy_mean": 3.1732931068401244,
  "entropy_std": 0.38744586835224903,
  "delta_mean": 8.748335827589035,
  "delta_std": 1.780773493667456,
  "pearson_r": 0.518189725708628,
  "p_value": 5.155063046395144e-22
}