{
  "entropy_mean": 3.471481983607481,
  "entropy_std": 0.278764203017234,
  "delta_mean": 0.29836109325514365,
  "delta_std": 0.013160085840748122,
  "pearson_r": -0.0722002060989547,
  "p_value": 0.3108613722056606
}