{
  "mean": {
    "entropy_mean": 1.5754675872156976,
    "entropy_std": 0.05788003568619784,
    "delta_mean": 20.06683930158615,
    "delta_std": 4.9919275266798016,
    "pearson_r": 0.2662932133938775,
    "p_value": 0.13075821619302125
  },
  "ci95": {
    "entropy_mean": 0.0056342755653989935,
    "entropy_std": 0.01314480636716419,
    "delta_mean": 0.5989361615257814,
    "delta_std": 0.37168464152802816,
    "pearson_r": 0.11248272256614966,
    "p_value": 0.18879594620015558
  }
}