{
  "entropy_mean": 3.108175674849336,
  "entropy_std": 0.2635660958774028,
  "delta_mean": 2.2256348879650387,
  "delta_std": 0.041265211606556496,
  "pearson_r": 0.1769247010824479,
  "p_value": 0.07979620910763172
}