{
  "entropy_mean": 3.73270022441213,
  "entropy_std": 0.2973729904080067,
  "delta_mean": 8.23013596256574,
  "delta_std": 2.078343508439311,
  "pearson_r": 0.16003620712568617,
  "p_value": 0.005464997990361276
}