{
  "pearson_r": 0.052470799698106425,
  "p_value": 0.13812774441626205,
  "entropy_mean": 3.473950920696774,
  "delta_mean": 1.656088534593582
}