run_dir,pearson_r,p_value,entropy_mean,delta_mean
torch_runs/20250525-085357-9ddcb73b,0.052470799698106425,0.13812774441626205,3.473950920696774,1.656088534593582
