{
  "entropy_mean": 3.954847207819406,
  "entropy_std": 0.056041585385955266,
  "delta_mean": 0.41581263265224416,
  "delta_std": 0.017320399184302396,
  "pearson_r": 0.4505828340673744,
  "p_value": 2.8703042514437027e-06
}