{
  "entropy_mean": 4.7109706231033295,
  "entropy_std": 0.13205736293201562,
  "delta_mean": 15.437770936489105,
  "delta_std": 4.056934447723912,
  "pearson_r": 0.48902637421358913,
  "p_value": 2.158909602387091e-10
}