{
  "entropy_mean": 4.067305542843104,
  "entropy_std": 0.045710867185011134,
  "delta_mean": 2.2248762713538275,
  "delta_std": 0.04145446933987587,
  "pearson_r": -0.16980152886242025,
  "p_value": 0.09290437075020089
}