{
  "entropy_mean": 4.518344450095542,
  "entropy_std": 0.25689137803057244,
  "delta_mean": 10.382334528764089,
  "delta_std": 2.4446283330074445,
  "pearson_r": 0.587302547531967,
  "p_value": 2.8018690297684122e-15
}