{
  "entropy_mean": 4.0365084991982565,
  "entropy_std": 0.06635916450900826,
  "delta_mean": 0.4277774556116624,
  "delta_std": 0.01628544208964385,
  "pearson_r": 0.13059116839252155,
  "p_value": 0.1976106921280805
}