{
  "entropy_mean": 1.5761800362629321,
  "entropy_std": 0.024721637765374064,
  "delta_mean": 25.369060486952463,
  "delta_std": 6.370381721051668,
  "pearson_r": -0.09483680299250732,
  "p_value": 0.1011172281877929
}