{
  "mean": {
    "entropy_mean": 3.9877534594777275,
    "entropy_std": 0.1418542921095375,
    "delta_mean": 0.42555431533943516,
    "delta_std": 0.019377718118708094,
    "pearson_r": 0.06611960553017712,
    "p_value": 0.3854242653534146
  },
  "ci95": {
    "entropy_mean": 0.0733552940759384,
    "entropy_std": 0.030082955664330623,
    "delta_mean": 0.0045482276748440445,
    "delta_std": 0.002973871459675254,
    "pearson_r": 0.10219120524011413,
    "p_value": 0.19325299327975967
  }
}