{
  "entropy_mean": 1.578514390475035,
  "entropy_std": 0.03991419688110714,
  "delta_mean": 24.56004153807958,
  "delta_std": 6.223954638035932,
  "pearson_r": 0.27726837554062744,
  "p_value": 1.0697143955541824e-06
}