{
  "entropy_mean": 1.6443883450281835,
  "entropy_std": 0.045991810422625755,
  "delta_mean": 17.52369517326355,
  "delta_std": 3.600913794423956,
  "pearson_r": 0.35711528857872377,
  "p_value": 1.8792652266127035e-10
}