{
  "entropy_mean": 4.082561791939934,
  "entropy_std": 0.03496017329279275,
  "delta_mean": 2.226044033512925,
  "delta_std": 0.04059295782042265,
  "pearson_r": 0.07331453748764424,
  "p_value": 0.47080041158403996
}