{
  "entropy_mean": 4.559726460671272,
  "entropy_std": 0.2400488683335888,
  "delta_mean": 1.5434412788506129,
  "delta_std": 0.04237260721396318,
  "pearson_r": 0.07459064416675423,
  "p_value": 0.29507134015870135
}