{
  "entropy_mean": 1.6123234259978707,
  "entropy_std": 0.10214215057499627,
  "delta_mean": 16.319564679463703,
  "delta_std": 3.42472640760468,
  "pearson_r": 0.3202540460069015,
  "p_value": 6.463207689075639e-05
}