{
  "entropy_mean": 3.3770078723819803,
  "entropy_std": 0.09953604282331767,
  "delta_mean": 1.7054758737484614,
  "delta_std": 0.035929732808850964,
  "pearson_r": -0.08707198593655699,
  "p_value": 0.34433238237582703
}