{
  "entropy_mean": 3.7774625478334722,
  "entropy_std": 0.3121652515837032,
  "delta_mean": 7.985321146249771,
  "delta_std": 1.511608682331103,
  "pearson_r": 0.16594927613838967,
  "p_value": 0.003947359710681323
}