{
  "entropy_mean": 3.659199761084776,
  "entropy_std": 0.28540197006820733,
  "delta_mean": 7.603336423635483,
  "delta_std": 1.3453133104210158,
  "pearson_r": 0.3759307343119464,
  "p_value": 1.6654941062144058e-11
}