{
  "entropy_mean": 4.59014780060209,
  "entropy_std": 0.1641550278107256,
  "delta_mean": 11.890758545398713,
  "delta_std": 2.317015712275796,
  "pearson_r": 0.3677992375552694,
  "p_value": 4.8392298493496595e-11
}