{
  "entropy_mean": 1.6099295562834304,
  "entropy_std": 0.08949813082317756,
  "delta_mean": 15.995099813143412,
  "delta_std": 3.886316218312996,
  "pearson_r": 0.5599028982254988,
  "p_value": 9.411204600691119e-14
}