{
  "entropy_mean": 4.051870993692948,
  "entropy_std": 0.027794866675382335,
  "delta_mean": 2.229275416846227,
  "delta_std": 0.0426430131706716,
  "pearson_r": -0.07030984475094126,
  "p_value": 0.48922254246324753
}