{
  "entropy_mean": 3.9847500008846892,
  "entropy_std": 0.1630132176178224,
  "delta_mean": 0.4123239482767019,
  "delta_std": 0.014533778279175697,
  "pearson_r": -0.0634204948745698,
  "p_value": 0.3735107594309485
}