{
  "entropy_mean": 1.4792677964710086,
  "entropy_std": 0.1789440408052069,
  "delta_mean": 19.625767696698507,
  "delta_std": 4.678920005440512,
  "pearson_r": 0.4274449928395536,
  "p_value": 4.885952227358363e-08
}