{
  "entropy_mean": 3.216024045924152,
  "entropy_std": 0.46968649847960153,
  "delta_mean": 9.320258280833562,
  "delta_std": 2.617564267718807,
  "pearson_r": 0.3651369026988829,
  "p_value": 6.81785831022619e-11
}