{
  "entropy_mean": 4.144730913958937,
  "entropy_std": 0.030673369389096487,
  "delta_mean": 1.1227651990238745,
  "delta_std": 0.021377154697910596,
  "pearson_r": -0.11046365734453187,
  "p_value": 0.12037006002681729
}