{
  "entropy_mean": 4.739139080674084,
  "entropy_std": 0.04694195565091819,
  "delta_mean": 1.5446827796974567,
  "delta_std": 0.04581147137678777,
  "pearson_r": -0.07228826673792779,
  "p_value": 0.4770498695619026
}