{
  "entropy_mean": 4.102457398238981,
  "entropy_std": 0.07971025337537745,
  "delta_mean": 1.12546752799641,
  "delta_std": 0.019386381944888443,
  "pearson_r": -0.16808316295715653,
  "p_value": 0.0963083192797434
}