{
  "entropy_mean": 4.729053354533143,
  "entropy_std": 0.06259322651800173,
  "delta_mean": 13.856803954442341,
  "delta_std": 3.619029016154535,
  "pearson_r": 0.5274655704724587,
  "p_value": 4.060951701644957e-12
}