{
  "entropy_mean": 4.760147260156205,
  "entropy_std": 0.027568803104793916,
  "delta_mean": 1.5410385449328015,
  "delta_std": 0.039634196610358254,
  "pearson_r": -0.08831064023647234,
  "p_value": 0.21484530283827838
}