{
  "entropy_mean": 1.5841149890883583,
  "entropy_std": 0.05167274387301427,
  "delta_mean": 20.74827888806661,
  "delta_std": 4.5575575220900495,
  "pearson_r": 0.5119454108045457,
  "p_value": 2.1447687601912823e-11
}