{
  "entropy_mean": 4.0496987181015,
  "entropy_std": 0.02836104345068055,
  "delta_mean": 2.226501118597673,
  "delta_std": 0.04160843210678909,
  "pearson_r": -0.09757274223510494,
  "p_value": 0.17036386605482823
}