{
  "entropy_mean": 3.104931270884332,
  "entropy_std": 0.37489295431141295,
  "delta_mean": 7.622147230307261,
  "delta_std": 1.441324958169254,
  "pearson_r": 0.11617038016136634,
  "p_value": 0.15686733242311074
}