{
  "entropy_mean": 4.152039729001786,
  "entropy_std": 0.13100827179941915,
  "delta_mean": 0.41368287307533186,
  "delta_std": 0.014992084030522598,
  "pearson_r": 0.1191524888424324,
  "p_value": 0.09369103496001738
}