{
  "entropy_mean": 4.054114303356099,
  "entropy_std": 0.12953839735736877,
  "delta_mean": 0.4309586307617149,
  "delta_std": 0.028103098904158526,
  "pearson_r": -0.15928206890608954,
  "p_value": 0.11530711236559721
}