{
  "entropy_mean": 2.9187970602586177,
  "entropy_std": 0.2694382106732008,
  "delta_mean": 2.223310114750311,
  "delta_std": 0.04142738244786981,
  "pearson_r": 0.1573820918387163,
  "p_value": 0.026417753805276285
}