{
  "entropy_mean": 4.569700750937368,
  "entropy_std": 0.15428724175290473,
  "delta_mean": 0.7830215728644169,
  "delta_std": 0.02429520717972038,
  "pearson_r": -0.12652059917745406,
  "p_value": 0.21206848877869264
}