{
  "entropy_mean": 4.754104979574047,
  "entropy_std": 0.04644363711080713,
  "delta_mean": 19.092184550762177,
  "delta_std": 5.419136477112561,
  "pearson_r": 0.32796868055792205,
  "p_value": 5.9344333910969264e-09
}