{
  "entropy_mean": 4.745421009311104,
  "entropy_std": 0.050148099340723916,
  "delta_mean": 1.5461915177528305,
  "delta_std": 0.04120287952524885,
  "pearson_r": -0.08736657721317091,
  "p_value": 0.38984848696552965
}