{
  "entropy_mean": 4.077708484317466,
  "entropy_std": 0.022705830875372604,
  "delta_mean": 2.224030047804866,
  "delta_std": 0.04092141018914837,
  "pearson_r": 0.015429978958463104,
  "p_value": 0.8287474423882676
}