{
  "entropy_mean": 0.7418429710207768,
  "entropy_std": 0.23672408361189923,
  "delta_mean": 17.792482771873473,
  "delta_std": 4.357482009879422,
  "pearson_r": -0.5995896020685955,
  "p_value": 1.1340841599703777e-30
}