{
  "entropy_mean": 4.628830219093767,
  "entropy_std": 0.2323865030302368,
  "delta_mean": 9.356553823947907,
  "delta_std": 1.9951619053196585,
  "pearson_r": 0.20309340202849535,
  "p_value": 0.012681095883234652
}