{
  "entropy_mean": 3.850591628288315,
  "entropy_std": 0.2913740949624128,
  "delta_mean": 9.105072671572367,
  "delta_std": 2.2994624347485684,
  "pearson_r": -0.8978530790552102,
  "p_value": 1.368608048656123e-54
}