{
  "entropy_mean": 4.082941398591916,
  "entropy_std": 0.15839159420898125,
  "delta_mean": 0.4020900407222786,
  "delta_std": 0.011735166025771633,
  "pearson_r": -0.10137282491913573,
  "p_value": 0.3180797786393049
}