{
  "entropy_mean": 3.377244236578974,
  "entropy_std": 0.070428112301975,
  "delta_mean": 1.709622081120809,
  "delta_std": 0.03708445369759791,
  "pearson_r": -0.01246037499260904,
  "p_value": 0.8925540746944072
}