{
  "entropy_mean": 4.667401798744905,
  "entropy_std": 0.10478385778637438,
  "delta_mean": 0.7825263705684911,
  "delta_std": 0.021330702635078337,
  "pearson_r": 0.0199922243932859,
  "p_value": 0.7792654611125066
}