{
  "entropy_mean": 1.6813467260593598,
  "entropy_std": 0.12229907368771387,
  "delta_mean": 10.284226986567178,
  "delta_std": 2.142590038490249,
  "pearson_r": 0.33807049189330485,
  "p_value": 2.325237056954618e-05
}