{
  "entropy_mean": 4.6652461421679945,
  "entropy_std": 0.08615852344058016,
  "delta_mean": 0.7758828581278049,
  "delta_std": 0.021943624715117068,
  "pearson_r": 0.016255443599074073,
  "p_value": 0.8197381852565631
}