{
  "entropy_mean": 4.623121962963818,
  "entropy_std": 0.09335249620963668,
  "delta_mean": 0.7785159726837771,
  "delta_std": 0.021023537329370793,
  "pearson_r": -0.03969601675272867,
  "p_value": 0.5777508451098152
}