{
  "entropy_mean": 1.496558924450588,
  "entropy_std": 0.19433945416406456,
  "delta_mean": 17.89306973059972,
  "delta_std": 4.334992049447419,
  "pearson_r": 0.4584307202105063,
  "p_value": 5.3869959168129747e-17
}