{
  "entropy_mean": 3.6032870810144586,
  "entropy_std": 0.27886574770891526,
  "delta_mean": 0.29477948354716277,
  "delta_std": 0.015442957562762236,
  "pearson_r": 0.4096164513561558,
  "p_value": 1.8824324218198227e-09
}