{
  "entropy_mean": 1.4586328582522659,
  "entropy_std": 0.1598116467635007,
  "delta_mean": 11.127599156697592,
  "delta_std": 2.397980562612105,
  "pearson_r": -0.04143365019014893,
  "p_value": 0.6146636191289551
}