{
  "entropy_mean": 3.440689300281976,
  "entropy_std": 0.06250117346653629,
  "delta_mean": 1.1637068917353948,
  "delta_std": 0.01821995085136503,
  "pearson_r": -0.09613076073607284,
  "p_value": 0.2962732747744865
}