{
  "entropy_mean": 1.6733114924422252,
  "entropy_std": 0.14993667418284415,
  "delta_mean": 12.817746227582296,
  "delta_std": 2.96470652964807,
  "pearson_r": 0.3070720758228941,
  "p_value": 5.694258504022953e-08
}