{
  "entropy_mean": 3.4031442071982894,
  "entropy_std": 0.10990489205271316,
  "delta_mean": 2.1089685039520263,
  "delta_std": 0.028855483974734204,
  "pearson_r": 0.05125314222273597,
  "p_value": 0.10527434230332887
}