{
  "entropy_mean": 1.627946682155856,
  "entropy_std": 0.15918416315629141,
  "delta_mean": 11.009047417640685,
  "delta_std": 2.1177113041936715,
  "pearson_r": 0.3974923847904362,
  "p_value": 4.7376945918177977e-07
}