{
  "entropy_mean": 1.6527242790194017,
  "entropy_std": 0.05243126984288459,
  "delta_mean": 11.88472690463066,
  "delta_std": 2.250463128713468,
  "pearson_r": 0.21685411885813524,
  "p_value": 0.00015340847044244518
}