{
  "entropy_mean": 4.57120058526188,
  "entropy_std": 0.24662767428741666,
  "delta_mean": 0.7753288691694086,
  "delta_std": 0.021781652034274488,
  "pearson_r": -0.016420937178060403,
  "p_value": 0.8718397327885105
}