{
  "entropy_mean": 3.377059779951103,
  "entropy_std": 0.09771017654399641,
  "delta_mean": 1.7057947516441345,
  "delta_std": 0.03588600945790186,
  "pearson_r": -0.11027876532764139,
  "p_value": 0.23050464931628648
}