{
  "entropy_mean": 2.59228554082557,
  "entropy_std": 0.9346320694274322,
  "delta_mean": 1.5429472881345894,
  "delta_std": 0.04081022284684225,
  "pearson_r": 0.02130064921926733,
  "p_value": 0.7652272637928401
}