{
  "mean": {
    "entropy_mean": 3.7823257013141287,
    "entropy_std": 0.3317255369733641,
    "delta_mean": 0.284674141954894,
    "delta_std": 0.014646997778263773,
    "pearson_r": 0.11822985628776299,
    "p_value": 0.21866471997744896
  },
  "ci95": {
    "entropy_mean": 0.06711132805187509,
    "entropy_std": 0.047870627080816734,
    "delta_mean": 0.0035771619284402805,
    "delta_std": 0.0028992047576501786,
    "pearson_r": 0.12948348378730018,
    "p_value": 0.15533376299093715
  }
}