{
  "entropy_mean": 4.6155120569606245,
  "entropy_std": 0.11899013155969627,
  "delta_mean": 9.996174766222635,
  "delta_std": 2.1696024476008624,
  "pearson_r": 0.3473806029857945,
  "p_value": 1.3285159639094806e-05
}