{
  "entropy_mean": 3.740196872153289,
  "entropy_std": 0.4279088383107168,
  "delta_mean": 7.869925179481506,
  "delta_std": 1.8757324864136509,
  "pearson_r": 0.4301790005496611,
  "p_value": 6.065386086832776e-15
}