{
  "entropy_mean": 3.5572552236992463,
  "entropy_std": 0.34287670855018015,
  "delta_mean": 0.29290927209035317,
  "delta_std": 0.013302781233026893,
  "pearson_r": -0.1157260045356794,
  "p_value": 0.25400615130627313
}