{
  "entropy_mean": 4.75959143951173,
  "entropy_std": 0.026215830596057442,
  "delta_mean": 1.5459372997283936,
  "delta_std": 0.04797028061427161,
  "pearson_r": -0.20996071558052837,
  "p_value": 0.03699117312389389
}