{
  "entropy_mean": 3.516437222155799,
  "entropy_std": 0.5517535487983588,
  "delta_mean": 6.813048661549886,
  "delta_std": 1.5231920698621406,
  "pearson_r": 0.3770507885235476,
  "p_value": 1.974525385126799e-06
}