{
  "entropy_mean": 4.580720009278321,
  "entropy_std": 0.1956685597350266,
  "delta_mean": 9.711633944511414,
  "delta_std": 2.3591398389641522,
  "pearson_r": 0.5508880526724006,
  "p_value": 2.791226221388473e-13
}