{
  "entropy_mean": 4.745927840696239,
  "entropy_std": 0.034074235256073546,
  "delta_mean": 1.5323187831658214,
  "delta_std": 0.04441983827372611,
  "pearson_r": -0.07988849076511788,
  "p_value": 0.2620069813002633
}