{
  "entropy_mean": 1.6196924304850577,
  "entropy_std": 0.10817004363604064,
  "delta_mean": 17.654473786354064,
  "delta_std": 3.7810845100166532,
  "pearson_r": 0.47709154517908914,
  "p_value": 1.854439238950825e-18
}