{
  "entropy_mean": 3.420128079781074,
  "entropy_std": 0.09608294471031247,
  "delta_mean": 2.765141655921936,
  "delta_std": 0.034148467601317144,
  "pearson_r": 0.0844240930483448,
  "p_value": 0.007559070905537282
}