{
  "entropy_mean": 3.827915959876974,
  "entropy_std": 0.10959547335016484,
  "delta_mean": 0.43071571486679155,
  "delta_std": 0.023788343833550787,
  "pearson_r": 0.2309027020096484,
  "p_value": 0.001033597688900873
}