{
  "entropy_mean": 3.336401015249943,
  "entropy_std": 0.5117704669814901,
  "delta_mean": 0.29683515068256494,
  "delta_std": 0.014434946090206057,
  "pearson_r": 0.1808510532230031,
  "p_value": 0.07323001761359348
}