{
  "entropy_mean": 4.68591228453487,
  "entropy_std": 0.12393595796046403,
  "delta_mean": 1.5437768818152071,
  "delta_std": 0.043486647774938395,
  "pearson_r": 0.06797091610162957,
  "p_value": 0.5038230268033345
}