{
  "entropy_mean": 3.3522179866162083,
  "entropy_std": 0.0732014469255239,
  "delta_mean": 1.70583689113458,
  "delta_std": 0.03915273836162454,
  "pearson_r": 0.037342050481591366,
  "p_value": 0.6855353390225338
}