{
  "entropy_mean": 1.623732595552509,
  "entropy_std": 0.11621320930498807,
  "delta_mean": 18.392402280171712,
  "delta_std": 3.827729720874009,
  "pearson_r": 0.5324278120240005,
  "p_value": 2.310452259954876e-23
}