{
  "entropy_mean": 4.655076636834764,
  "entropy_std": 0.08845634077516382,
  "delta_mean": 0.776981436727035,
  "delta_std": 0.0208403250567418,
  "pearson_r": 0.04162041368515544,
  "p_value": 0.559433948895577
}