{
  "entropy_mean": 4.738126790745996,
  "entropy_std": 0.08627895838061776,
  "delta_mean": 13.559960023562114,
  "delta_std": 3.3050872173321366,
  "pearson_r": 0.41140124750294726,
  "p_value": 1.695754281756238e-07
}