{
  "entropy_mean": 3.414492646056523,
  "entropy_std": 0.07772707349668408,
  "delta_mean": 1.1610802938540776,
  "delta_std": 0.02543978749673019,
  "pearson_r": 0.36607689207635513,
  "p_value": 3.924720928220045e-05
}