{
  "entropy_mean": 3.613832068590475,
  "entropy_std": 0.2965187652817004,
  "delta_mean": 0.28620744110950874,
  "delta_std": 0.013206822760941251,
  "pearson_r": -0.06504788073895121,
  "p_value": 0.3613478405454172
}