{
  "entropy_mean": 1.2921121437386363,
  "entropy_std": 0.25872703689471255,
  "delta_mean": 10.981785558859507,
  "delta_std": 2.411009321543017,
  "pearson_r": -0.4932837267519396,
  "p_value": 1.424053165222255e-10
}