{
  "entropy_mean": 3.8896590918762057,
  "entropy_std": 0.09763263228768553,
  "delta_mean": 0.43476776432509373,
  "delta_std": 0.02725373581174818,
  "pearson_r": 0.261994384159324,
  "p_value": 0.008802483800935682
}