{
  "mean": {
    "entropy_mean": 1.4731084854272556,
    "entropy_std": 0.13550750439076412,
    "delta_mean": 15.1855806851387,
    "delta_std": 3.54030037116041,
    "pearson_r": 0.17288389839131163,
    "p_value": 0.0966378959460575
  },
  "ci95": {
    "entropy_mean": 0.15287732539282597,
    "entropy_std": 0.04959260836168807,
    "delta_mean": 0.5618900776548961,
    "delta_std": 0.18313912596908177,
    "pearson_r": 0.2564925244924639,
    "p_value": 0.15878364604717535
  }
}