{
  "entropy_mean": 1.6494840373175441,
  "entropy_std": 0.16472962498701996,
  "delta_mean": 10.79835687160492,
  "delta_std": 2.3505095870028927,
  "pearson_r": 0.3881969238813762,
  "p_value": 9.175687980898223e-07
}