{
  "entropy_mean": 4.124350380587707,
  "entropy_std": 0.06242293992585243,
  "delta_mean": 1.1225092417031677,
  "delta_std": 0.022743451797441073,
  "pearson_r": 0.01736933452042627,
  "p_value": 0.8076185332080812
}