{
  "entropy_mean": 3.7191999390747656,
  "entropy_std": 0.2870559622794923,
  "delta_mean": 0.2803226018970336,
  "delta_std": 0.012211744069759315,
  "pearson_r": -0.028110495779593764,
  "p_value": 0.693487172361396
}