{
  "entropy_mean": 4.118310068949547,
  "entropy_std": 0.0629077750272127,
  "delta_mean": 1.1268331751678928,
  "delta_std": 0.01961090068641745,
  "pearson_r": -0.14237399449382296,
  "p_value": 0.15978807432834521
}