{
  "entropy_mean": 1.5715375731315577,
  "entropy_std": 0.06289388454493798,
  "delta_mean": 21.675213702519734,
  "delta_std": 5.732979690023585,
  "pearson_r": 0.3491863722954211,
  "p_value": 1.1893604846322283e-05
}