{
  "entropy_mean": 4.039321696703606,
  "entropy_std": 0.11301316009419447,
  "delta_mean": 2.21455911434058,
  "delta_std": 0.042765577479291696,
  "pearson_r": -0.06005261211038488,
  "p_value": 0.5548818660911995
}