{
  "entropy_mean": 4.716442830149351,
  "entropy_std": 0.10046339554546982,
  "delta_mean": 1.5370254492639897,
  "delta_std": 0.04327866190505432,
  "pearson_r": -0.012279229816508221,
  "p_value": 0.8633313030708687
}