{
  "entropy_mean": 1.4301601136269517,
  "entropy_std": 0.1537921348018907,
  "delta_mean": 18.74488960425059,
  "delta_std": 3.894913658782333,
  "pearson_r": -0.07956532244600556,
  "p_value": 0.3331164159267061
}