{
  "entropy_mean": 3.3799436709184145,
  "entropy_std": 0.072024430915309,
  "delta_mean": 2.2487959106763205,
  "delta_std": 0.042501372183144634,
  "pearson_r": -0.07458367428435547,
  "p_value": 0.4181701364365745
}