{
  "entropy_mean": 3.2287950823466565,
  "entropy_std": 0.5638414134687493,
  "delta_mean": 7.321915027300517,
  "delta_std": 1.357694330197451,
  "pearson_r": -0.12038450059279505,
  "p_value": 0.1422642483341579
}