{
  "entropy_mean": 4.528454788764702,
  "entropy_std": 0.21836175451619763,
  "delta_mean": 12.099065610965093,
  "delta_std": 2.5830490681548404,
  "pearson_r": 0.5753599664927485,
  "p_value": 7.697686191868525e-28
}