{
  "entropy_mean": 4.179394001419718,
  "entropy_std": 0.06359061233776679,
  "delta_mean": 0.3978366002892003,
  "delta_std": 0.009503378254592626,
  "pearson_r": -0.15580278560389949,
  "p_value": 0.12357245823254089
}