{
  "entropy_mean": 3.7357626765356113,
  "entropy_std": 0.6023979769981179,
  "delta_mean": 14.198523179690044,
  "delta_std": 4.077643967487756,
  "pearson_r": -0.7130529716921834,
  "p_value": 1.3695079025958395e-24
}