{
  "entropy_mean": 3.7916805595704144,
  "entropy_std": 0.31609799820741985,
  "delta_mean": 7.858634697198868,
  "delta_std": 1.5368548786815002,
  "pearson_r": 0.2255552547274995,
  "p_value": 8.103096562671913e-05
}