{
  "entropy_mean": 4.094450895069159,
  "entropy_std": 0.07677791117026944,
  "delta_mean": 1.1329590611987643,
  "delta_std": 0.024108613164949486,
  "pearson_r": -0.13099715298941444,
  "p_value": 0.19620865179512662
}