{
  "entropy_mean": 4.754996516308565,
  "entropy_std": 0.02943175860549797,
  "delta_mean": 1.538879281312377,
  "delta_std": 0.04428322469058918,
  "pearson_r": -0.04469616514905669,
  "p_value": 0.5307520875218352
}