{
  "entropy_mean": 4.74950091308335,
  "entropy_std": 0.07115420962717686,
  "delta_mean": 16.363318254550297,
  "delta_std": 3.9303452597591657,
  "pearson_r": 0.34190966228879444,
  "p_value": 1.1899871418607976e-09
}