{
  "entropy_mean": 3.368701648659884,
  "entropy_std": 0.47849276384599926,
  "delta_mean": 7.530093206564586,
  "delta_std": 1.5716317824286288,
  "pearson_r": 0.4477380229820193,
  "p_value": 9.20400935745859e-09
}