{
  "entropy_mean": 1.5663259166653798,
  "entropy_std": 0.05888357210384994,
  "delta_mean": 10.321237298647562,
  "delta_std": 1.6184728267091624,
  "pearson_r": -0.5074833059041509,
  "p_value": 3.408050650494856e-11
}