{
  "entropy_mean": 3.2264338139156483,
  "entropy_std": 0.8046409577301405,
  "delta_mean": 1.5440602362757982,
  "delta_std": 0.04447525080624794,
  "pearson_r": -0.010543708014454298,
  "p_value": 0.9175033950743792
}