{
  "entropy_mean": 4.75260607822727,
  "entropy_std": 0.06579031483645434,
  "delta_mean": 1.5479560187368682,
  "delta_std": 0.040563100091069365,
  "pearson_r": -0.05435796725541161,
  "p_value": 0.5930777438622135
}