{
  "entropy_mean": 4.155633837088152,
  "entropy_std": 0.06529715276501823,
  "delta_mean": 0.4041740488466905,
  "delta_std": 0.013767561431614858,
  "pearson_r": 0.0560731384547877,
  "p_value": 0.43148967895746126
}