{
  "entropy_mean": 3.6271415835971106,
  "entropy_std": 0.3164872782503412,
  "delta_mean": 8.29761870821317,
  "delta_std": 1.4871506274903983,
  "pearson_r": 0.30278975263048813,
  "p_value": 8.860953114109812e-08
}