{
  "entropy_mean": 4.753676374009805,
  "entropy_std": 0.0528305380659177,
  "delta_mean": 1.5384140387930052,
  "delta_std": 0.043965500438458205,
  "pearson_r": -0.035087166273518836,
  "p_value": 0.7302558000339318
}