{
  "entropy_mean": 4.757305836927035,
  "entropy_std": 0.03170092399174069,
  "delta_mean": 15.423823919693628,
  "delta_std": 3.2571894511005572,
  "pearson_r": 0.3137379295079311,
  "p_value": 2.8205435125018933e-08
}