{
  "entropy_mean": 3.3328192106764902,
  "entropy_std": 0.49385064195713624,
  "delta_mean": 0.7863175381313671,
  "delta_std": 0.024037536483074752,
  "pearson_r": 0.1111770251307099,
  "p_value": 0.27327624754939284
}