{
  "entropy_mean": 1.6344601180861373,
  "entropy_std": 0.13700424410951778,
  "delta_mean": 11.198615758419036,
  "delta_std": 2.163887545792508,
  "pearson_r": 0.3857461788322156,
  "p_value": 1.0886125790528365e-06
}