{
  "entropy_mean": 4.740202519478701,
  "entropy_std": 0.05144139209081777,
  "delta_mean": 12.433408024311065,
  "delta_std": 2.8863691972071273,
  "pearson_r": 0.3211594585576279,
  "p_value": 6.145321933070271e-05
}