{
  "entropy_mean": 4.745137295519889,
  "entropy_std": 0.075277915985882,
  "delta_mean": 12.900638483365377,
  "delta_std": 2.6677330108835866,
  "pearson_r": 0.16905390076884366,
  "p_value": 0.038633645484652084
}