{
  "entropy_mean": 4.084349285919821,
  "entropy_std": 0.1368817186456713,
  "delta_mean": 0.42755460918848237,
  "delta_std": 0.018911960808783015,
  "pearson_r": -0.029588729331397213,
  "p_value": 0.6782430906251469
}