{
  "entropy_mean": 1.5759527489349956,
  "entropy_std": 0.04763755486240107,
  "delta_mean": 24.71295999844869,
  "delta_std": 5.769387542916041,
  "pearson_r": 0.4379753049609827,
  "p_value": 1.7204225803271031e-15
}