{
  "entropy_mean": 3.7976992410932233,
  "entropy_std": 0.3663119974443321,
  "delta_mean": 7.2484167893727625,
  "delta_std": 1.3116424923382937,
  "pearson_r": 0.3940577176236786,
  "p_value": 1.3849976495894449e-12
}