{
  "entropy_mean": 4.067456546397576,
  "entropy_std": 0.033246234932605354,
  "delta_mean": 2.2232380611727938,
  "delta_std": 0.039824440759264466,
  "pearson_r": -0.04516003588652291,
  "p_value": 0.6571462821127101
}