{
  "entropy_mean": 3.4900334615039643,
  "entropy_std": 0.08902067756337931,
  "delta_mean": 1.4295580636262895,
  "delta_std": 0.014197611981301287,
  "pearson_r": -0.07160068181063281,
  "p_value": 0.023556461173050828
}