{
  "entropy_mean": 3.602319815135327,
  "entropy_std": 0.40213883374162956,
  "delta_mean": 7.973837760686874,
  "delta_std": 1.8055568972441638,
  "pearson_r": 0.5255943843051772,
  "p_value": 1.0443582737831453e-22
}