{
  "entropy_mean": 4.744248721529228,
  "entropy_std": 0.036950302365650015,
  "delta_mean": 1.5397849891653013,
  "delta_std": 0.040369570079423656,
  "pearson_r": -0.09489072961911908,
  "p_value": 0.18247404555704563
}