{
  "entropy_mean": 3.071477917479256,
  "entropy_std": 0.47621432838525707,
  "delta_mean": 7.489361190398534,
  "delta_std": 1.3036369817266862,
  "pearson_r": -0.2847335260364865,
  "p_value": 5.294077199201428e-07
}