{
  "entropy_mean": 4.0627399652846465,
  "entropy_std": 0.0314624114001405,
  "delta_mean": 2.2253771331442063,
  "delta_std": 0.04000893116166807,
  "pearson_r": -0.035840190029946414,
  "p_value": 0.6152704325340608
}