{
  "entropy_mean": 3.3518078605075203,
  "entropy_std": 0.07095065303643722,
  "delta_mean": 1.7057612558205923,
  "delta_std": 0.03926137218984761,
  "pearson_r": 0.04275821593797893,
  "p_value": 0.6428610345302934
}