{
  "entropy_mean": 3.39940603809535,
  "entropy_std": 0.08939040159988362,
  "delta_mean": 1.9073227454582853,
  "delta_std": 0.033683515285448745,
  "pearson_r": -0.015358880057303922,
  "p_value": 0.3917491515123354
}