{
  "entropy_mean": 4.15831347511154,
  "entropy_std": 0.08260700005826595,
  "delta_mean": 0.42835966636188066,
  "delta_std": 0.013180242714253157,
  "pearson_r": -0.2616130658260398,
  "p_value": 0.00018960915681266388
}