{
  "mean": {
    "entropy_mean": 1.580053066670377,
    "entropy_std": 0.058624163131118956,
    "delta_mean": 23.835381085157394,
    "delta_std": 5.484376447290294,
    "pearson_r": 0.12080640862606876,
    "p_value": 0.02875932048728865
  },
  "ci95": {
    "entropy_mean": 0.013400254840386799,
    "entropy_std": 0.0157419737965867,
    "delta_mean": 1.6066910531319216,
    "delta_std": 0.67324652585393,
    "pearson_r": 0.274177982329649,
    "p_value": 0.05628350639178376
  }
}