{
  "entropy_mean": 4.746798740316103,
  "entropy_std": 0.09138344004639586,
  "delta_mean": 14.077095248699187,
  "delta_std": 3.5863089361654628,
  "pearson_r": 0.14140366771128554,
  "p_value": 0.08434196793163307
}