{
  "entropy_mean": 4.068554584235724,
  "entropy_std": 0.02218951142906196,
  "delta_mean": 2.2223166865531843,
  "delta_std": 0.04257927014324087,
  "pearson_r": -0.07157127022147584,
  "p_value": 0.4814423921787951
}