{
  "entropy_mean": 3.6969957293081723,
  "entropy_std": 0.1603042915588249,
  "delta_mean": 0.410785563064344,
  "delta_std": 0.017522150057097532,
  "pearson_r": 0.414502107660819,
  "p_value": 1.995659965676297e-05
}