{
  "entropy_mean": 4.555838652502688,
  "entropy_std": 0.20662232490682705,
  "delta_mean": 0.7817828926173124,
  "delta_std": 0.021074281704042873,
  "pearson_r": -0.18163754450059078,
  "p_value": 0.07196856515672155
}