{
  "mean": {
    "entropy_mean": 1.4595950555554023,
    "entropy_std": 0.11488287831606762,
    "delta_mean": 18.227745610157648,
    "delta_std": 4.167483486655684,
    "pearson_r": 0.15608517346280823,
    "p_value": 0.022187057055346127
  },
  "ci95": {
    "entropy_mean": 0.1930887075698984,
    "entropy_std": 0.04053623006610914,
    "delta_mean": 0.3430961788599515,
    "delta_std": 0.1406823392340591,
    "pearson_r": 0.29405331759957665,
    "p_value": 0.037526251193968144
  }
}