{
  "mean": {
    "entropy_mean": 1.3986873149010268,
    "entropy_std": 0.08551301095334958,
    "delta_mean": 25.37027483757337,
    "delta_std": 6.059034996745285,
    "pearson_r": 0.05269583266824893,
    "p_value": 0.010113460028184695
  },
  "ci95": {
    "entropy_mean": 0.22730247631773048,
    "entropy_std": 0.05386066210629059,
    "delta_mean": 0.827857153788929,
    "delta_std": 0.3804810261377352,
    "pearson_r": 0.32467381505490017,
    "p_value": 0.0198185985628472
  }
}