{
  "entropy_mean": 3.371740564290593,
  "entropy_std": 0.4701668508563494,
  "delta_mean": 9.35784610748291,
  "delta_std": 2.0039818754029843,
  "pearson_r": 0.3934844171830263,
  "p_value": 1.5018764931969775e-12
}