{
  "entropy_mean": 4.7425578674691105,
  "entropy_std": 0.07039330742776519,
  "delta_mean": 14.377765741348266,
  "delta_std": 3.020413618487041,
  "pearson_r": 0.4441748148998574,
  "p_value": 6.17092270743742e-16
}