{
  "entropy_mean": 1.522813071260473,
  "entropy_std": 0.07122559128280968,
  "delta_mean": 10.6161505762736,
  "delta_std": 1.4574685006250754,
  "pearson_r": -0.6185861780208732,
  "p_value": 4.5715988410324186e-33
}