{
  "entropy_mean": 4.530550095851143,
  "entropy_std": 0.33062765251043263,
  "delta_mean": 9.424727939764658,
  "delta_std": 2.649305532903641,
  "pearson_r": 0.3650978334977426,
  "p_value": 4.3545808377389164e-06
}