{
  "entropy_mean": 4.75826540843514,
  "entropy_std": 0.04371058176589238,
  "delta_mean": 1.5364536879649713,
  "delta_std": 0.03993733096935622,
  "pearson_r": 0.14149647659363063,
  "p_value": 0.04620449808327822
}