{
  "entropy_mean": 1.5466454199852901,
  "entropy_std": 0.06796999710097264,
  "delta_mean": 26.854806308746337,
  "delta_std": 6.682733725998914,
  "pearson_r": 0.4231186311963101,
  "p_value": 1.8467866220117908e-14
}