{
  "entropy_mean": 4.748704893363906,
  "entropy_std": 0.05856330040850411,
  "delta_mean": 12.806140758196513,
  "delta_std": 2.629992891546561,
  "pearson_r": 0.29679506225883356,
  "p_value": 0.00022599778174759523
}