{
  "mean": {
    "entropy_mean": 4.12109753026053,
    "entropy_std": 0.12578116627066066,
    "delta_mean": 0.40935605306818024,
    "delta_std": 0.017956110514091704,
    "pearson_r": -0.12400172586148153,
    "p_value": 0.34838339743247465
  },
  "ci95": {
    "entropy_mean": 0.03461018628557889,
    "entropy_std": 0.031120302241676914,
    "delta_mean": 0.005876931863974446,
    "delta_std": 0.003559786984435902,
    "pearson_r": 0.05353049198478218,
    "p_value": 0.19700820675080635
  }
}