{
  "entropy_mean": 3.487596051846981,
  "entropy_std": 0.08180670465907194,
  "delta_mean": 1.4300500800609588,
  "delta_std": 0.020010673051782495,
  "pearson_r": 0.30860349167797474,
  "p_value": 1.6593035877567643e-23
}