{
  "entropy_mean": 4.748724457455753,
  "entropy_std": 0.06943720300416487,
  "delta_mean": 16.200333896478018,
  "delta_std": 3.6121905981828575,
  "pearson_r": 0.19025932616543673,
  "p_value": 0.0009265338337452337
}