{
  "entropy_mean": 1.633541638718069,
  "entropy_std": 0.06074540421675523,
  "delta_mean": 14.465348006884257,
  "delta_std": 2.9798786909478743,
  "pearson_r": 0.3095951946562868,
  "p_value": 0.00011564065007314416
}