{
  "mean": {
    "entropy_mean": 4.74353195114386,
    "entropy_std": 0.07599230521734704,
    "delta_mean": 13.116186207850774,
    "delta_std": 3.253066375498866,
    "pearson_r": 0.3278104204423702,
    "p_value": 0.009028244441156626
  },
  "ci95": {
    "entropy_mean": 0.006416796949694005,
    "entropy_std": 0.014852525049392102,
    "delta_mean": 0.5360744124045308,
    "delta_std": 0.3123486787292251,
    "pearson_r": 0.05632934415664568,
    "p_value": 0.016436903329672504
  }
}