{
  "entropy_mean": 1.6465065905964131,
  "entropy_std": 0.04207156478741652,
  "delta_mean": 16.457199109395344,
  "delta_std": 3.455775608800403,
  "pearson_r": 0.4035961832880477,
  "p_value": 3.515440195832473e-13
}