{
  "mean": {
    "entropy_mean": 3.7572597401983456,
    "entropy_std": 0.3420850434965727,
    "delta_mean": 7.937244360725084,
    "delta_std": 1.762262496397557,
    "pearson_r": 0.25998498181594637,
    "p_value": 0.0964317608818505
  },
  "ci95": {
    "entropy_mean": 0.044362032575289985,
    "entropy_std": 0.04289424857931315,
    "delta_mean": 0.16513359518927798,
    "delta_std": 0.19492014336013547,
    "pearson_r": 0.09363268159829635,
    "p_value": 0.14429760232887717
  }
}