{
  "entropy_mean": 3.4164144105992356,
  "entropy_std": 0.47866291214476137,
  "delta_mean": 7.387305381298066,
  "delta_std": 1.624172880871006,
  "pearson_r": 0.3023987542900197,
  "p_value": 0.00016918390200011506
}