{
  "entropy_mean": 1.5824636209285443,
  "entropy_std": 0.04101615367273396,
  "delta_mean": 26.029703455766043,
  "delta_std": 6.626727888644477,
  "pearson_r": 0.3115260285654333,
  "p_value": 3.567896871686464e-08
}