{
  "entropy_mean": 3.937725225748176,
  "entropy_std": 0.2215064524558932,
  "delta_mean": 0.27713169292970136,
  "delta_std": 0.010127795400259584,
  "pearson_r": 0.24844539931164775,
  "p_value": 0.01315243115676204
}