{
  "mean": {
    "entropy_mean": 3.9479554034468682,
    "entropy_std": 0.06030605699451526,
    "delta_mean": 2.2246428932975886,
    "delta_std": 0.041676307163926216,
    "pearson_r": -0.0040484768991526695,
    "p_value": 0.384031997476474
  },
  "ci95": {
    "entropy_mean": 0.22415582412413826,
    "entropy_std": 0.04609296532601641,
    "delta_mean": 0.0011401897733727866,
    "delta_std": 0.0008130864576167999,
    "pearson_r": 0.05837074471436647,
    "p_value": 0.2037847881697797
  }
}