{
  "entropy_mean": 4.72431327679644,
  "entropy_std": 0.12515180035417134,
  "delta_mean": 12.30449734767278,
  "delta_std": 3.4559446929858195,
  "pearson_r": 0.3735936795303574,
  "p_value": 2.4901081449974414e-06
}