{
  "entropy_mean": 4.62975616564355,
  "entropy_std": 0.13085711868511476,
  "delta_mean": 11.9701237988472,
  "delta_std": 2.5066263240792765,
  "pearson_r": 0.2499082337192454,
  "p_value": 1.1858899525288504e-05
}