{
  "entropy_mean": 3.9349736862906064,
  "entropy_std": 0.2704387665945405,
  "delta_mean": 0.281108547942807,
  "delta_std": 0.01233314507891809,
  "pearson_r": 0.13347423253579535,
  "p_value": 0.18780944496411356
}