{
  "mean": {
    "entropy_mean": 3.6348354440136297,
    "entropy_std": 0.26147740768705535,
    "delta_mean": 0.2832500881286123,
    "delta_std": 0.011614015354341405,
    "pearson_r": 0.11686026641334375,
    "p_value": 0.19384030953347042
  },
  "ci95": {
    "entropy_mean": 0.15989979838486174,
    "entropy_std": 0.03150790988132198,
    "delta_mean": 0.0035402374332094287,
    "delta_std": 0.0017066356296105483,
    "pearson_r": 0.06864453189252033,
    "p_value": 0.14913336940332528
  }
}