{
  "entropy_mean": 4.190841267024937,
  "entropy_std": 0.10063464794153605,
  "delta_mean": 0.40809600642233185,
  "delta_std": 0.014350946624403694,
  "pearson_r": -0.2736049678033361,
  "p_value": 0.006139131316191616
}