{
  "entropy_mean": 3.3565111940127434,
  "entropy_std": 0.48596249825027915,
  "delta_mean": 0.29767756389849115,
  "delta_std": 0.02236679210270663,
  "pearson_r": -0.21767897159426408,
  "p_value": 0.03043393102412146
}