{
  "entropy_mean": 3.2118053396944077,
  "entropy_std": 0.3550942334291245,
  "delta_mean": 8.967242323160171,
  "delta_std": 1.8080565023495239,
  "pearson_r": 0.5073751206051511,
  "p_value": 4.954191563978097e-21
}