{
  "entropy_mean": 1.6187309359539324,
  "entropy_std": 0.06531626308532511,
  "delta_mean": 18.307728877067564,
  "delta_std": 3.5813471059354285,
  "pearson_r": 0.4531485157417524,
  "p_value": 1.3474851129568182e-16
}