{
  "entropy_mean": 3.7814220671430747,
  "entropy_std": 0.30248068551958834,
  "delta_mean": 0.28861265221432825,
  "delta_std": 0.013066339146527028,
  "pearson_r": -0.11654427939885108,
  "p_value": 0.10115216683784922
}