{
  "entropy_mean": 3.010984297789165,
  "entropy_std": 0.41150110734048523,
  "delta_mean": 8.042685196002324,
  "delta_std": 1.3143544620204555,
  "pearson_r": 0.3041632198666203,
  "p_value": 7.695237988824948e-08
}