{
  "entropy_mean": 4.605855298704827,
  "entropy_std": 0.18695314983944966,
  "delta_mean": 0.7815792861610952,
  "delta_std": 0.021253254693639118,
  "pearson_r": -0.1114102663463539,
  "p_value": 0.27226490104365025
}