{
  "entropy_mean": 4.675256571583626,
  "entropy_std": 0.0811055895597764,
  "delta_mean": 0.7774770990687998,
  "delta_std": 0.0211591245266463,
  "pearson_r": 0.043190051072416615,
  "p_value": 0.5447038883476552
}