{
  "entropy_mean": 4.1493372149864465,
  "entropy_std": 0.04603517540010477,
  "delta_mean": 0.4095995146216768,
  "delta_std": 0.011772833622663353,
  "pearson_r": -0.0762811917945725,
  "p_value": 0.45298774919300133
}