{
  "entropy_mean": 3.4590240762369473,
  "entropy_std": 0.44149179802334626,
  "delta_mean": 0.311597552564409,
  "delta_std": 0.019987342703835734,
  "pearson_r": -0.29900625111355966,
  "p_value": 0.00264372116826021
}