{
  "entropy_mean": 1.527179587777223,
  "entropy_std": 0.07859932002089623,
  "delta_mean": 9.747716772556306,
  "delta_std": 1.5573674742574282,
  "pearson_r": -0.7394877629257172,
  "p_value": 3.2154412047290652e-27
}