{
  "entropy_mean": 3.1968533987145302,
  "entropy_std": 0.8521919768418024,
  "delta_mean": 16.267576888799667,
  "delta_std": 3.6650961756255027,
  "pearson_r": -0.7937720515820921,
  "p_value": 2.588375793903485e-66
}