{
  "entropy_mean": 1.558882729791855,
  "entropy_std": 0.06430469012953631,
  "delta_mean": 26.171750821272532,
  "delta_std": 6.463575015427993,
  "pearson_r": 0.2654724392587964,
  "p_value": 3.1185208153906237e-06
}