{
  "entropy_mean": 3.409320402798182,
  "entropy_std": 0.06580132611802408,
  "delta_mean": 1.1627603193124136,
  "delta_std": 0.022667847593134772,
  "pearson_r": 0.12076015564824372,
  "p_value": 0.18890387090935487
}