{
  "entropy_mean": 1.6359203698929037,
  "entropy_std": 0.06724352868882683,
  "delta_mean": 17.60798793554306,
  "delta_std": 3.810825715184735,
  "pearson_r": 0.37357535206738773,
  "p_value": 2.2753943206532876e-11
}