{
  "entropy_mean": 4.0466783828573565,
  "entropy_std": 0.08500199504459378,
  "delta_mean": 2.2284076526911574,
  "delta_std": 0.04464687591865943,
  "pearson_r": -0.0077930194240034435,
  "p_value": 0.9389768057363421
}