{
  "entropy_mean": 1.5531575959305821,
  "entropy_std": 0.1584999973256185,
  "delta_mean": 18.076774948438008,
  "delta_std": 4.367861637534754,
  "pearson_r": 0.5056784919122909,
  "p_value": 7.014516109210186e-21
}