{
  "entropy_mean": 1.5591573606285898,
  "entropy_std": 0.07963298629356018,
  "delta_mean": 9.194862770636876,
  "delta_std": 1.518626826653674,
  "pearson_r": -0.7127152143161186,
  "p_value": 8.276180234644683e-48
}