{
  "entropy_mean": 3.7022997701406584,
  "entropy_std": 0.38943098366117546,
  "delta_mean": 8.003244440555573,
  "delta_std": 1.5902570655120931,
  "pearson_r": 0.4020050650706986,
  "p_value": 4.432410096435791e-13
}