{
  "entropy_mean": 4.184288878292282,
  "entropy_std": 0.050826874052499874,
  "delta_mean": 0.3976551677713442,
  "delta_std": 0.009155939573695829,
  "pearson_r": -0.16370590199475551,
  "p_value": 0.02086509272287627
}