{
  "entropy_mean": 3.8012099503498886,
  "entropy_std": 0.28251331207815567,
  "delta_mean": 0.28497827083022154,
  "delta_std": 0.012959350788464398,
  "pearson_r": 0.04955457525291027,
  "p_value": 0.48700722205805
}