{
  "pearson_r": 0.22969084340715729,
  "p_value": 1.939479880782369e-13,
  "spearman_r": 0.20451664913019907,
  "spearman_p": 6.646739000864706e-11,
  "entropy_mean": 3.488196821981379,
  "entropy_std": 0.07047052685239738,
  "delta_mean": 1.4304784526824952,
  "delta_std": 0.015286006741647337,
  "entropy_slope": -2.0723534734473834e-05,
  "entropy_range": 0.38993779353452585
}