{
  "entropy_mean": 3.4572466467990104,
  "entropy_std": 0.07599715844270408,
  "delta_mean": 1.296713684562842,
  "delta_std": 0.018814946388206542,
  "pearson_r": 0.06078900338846185,
  "p_value": 0.07894269462696639
}