{
  "entropy_mean": 4.673535311857994,
  "entropy_std": 0.1030950990450813,
  "delta_mean": 10.60946968515714,
  "delta_std": 2.1329103860638283,
  "pearson_r": 0.197825245616959,
  "p_value": 0.0005684257719446237
}