{
  "entropy_mean": 4.736015737037418,
  "entropy_std": 0.0553584216558874,
  "delta_mean": 16.312658750216166,
  "delta_std": 3.410118238685706,
  "pearson_r": 0.31980597635273667,
  "p_value": 1.4654774383600177e-08
}