{
  "entropy_mean": 0.6098982551855869,
  "entropy_std": 0.2348065748620986,
  "delta_mean": 25.56280335108439,
  "delta_std": 6.069669771876373,
  "pearson_r": -0.8726614074932892,
  "p_value": 9.091723753768169e-95
}