{
  "entropy_mean": 4.068215095560715,
  "entropy_std": 0.021691038644342686,
  "delta_mean": 2.2232047277479317,
  "delta_std": 0.04280539625568442,
  "pearson_r": -0.015955133293214643,
  "p_value": 0.8230131560079497
}