{
  "entropy_mean": 4.747977836479006,
  "entropy_std": 0.038355697681694584,
  "delta_mean": 1.5455328597495304,
  "delta_std": 0.044098927445922725,
  "pearson_r": -0.043575340006702,
  "p_value": 0.5411176444472079
}