{
  "entropy_mean": 1.1974910165032546,
  "entropy_std": 0.11957499327069661,
  "delta_mean": 17.895598204135894,
  "delta_std": 3.4860292031653497,
  "pearson_r": -0.5759930957530613,
  "p_value": 6.536423297497158e-28
}