{
  "entropy_mean": 1.4410531758424134,
  "entropy_std": 0.22663013263030687,
  "delta_mean": 12.897380839983622,
  "delta_std": 2.847397453219491,
  "pearson_r": 0.5756280233212119,
  "p_value": 1.3034733307904395e-14
}