{
  "entropy_mean": 3.735681678879179,
  "entropy_std": 0.28877156403905674,
  "delta_mean": 0.4016933058849489,
  "delta_std": 0.010383778543054748,
  "pearson_r": -0.12048390282339574,
  "p_value": 0.2348697932833981
}