{
  "entropy_mean": 3.3695574263675767,
  "entropy_std": 0.08467291023374397,
  "delta_mean": 1.7026436815659205,
  "delta_std": 0.03764607812800008,
  "pearson_r": 0.015981743411010475,
  "p_value": 0.8624550602807307
}