{
  "entropy_mean": 1.6256329863184138,
  "entropy_std": 0.09343473185283893,
  "delta_mean": 15.313034199078878,
  "delta_std": 3.1987082120496186,
  "pearson_r": 0.45451807155605817,
  "p_value": 5.140365238923442e-09
}