{
  "entropy_mean": 4.756448962732045,
  "entropy_std": 0.044891775215194,
  "delta_mean": 15.04652547399203,
  "delta_std": 3.5628687680498654,
  "pearson_r": 0.2473237660337823,
  "p_value": 1.4682474239906445e-05
}