{
  "entropy_mean": 3.4032026810040747,
  "entropy_std": 0.10966149649030504,
  "delta_mean": 2.10895370054245,
  "delta_std": 0.028702959670126534,
  "pearson_r": 0.0529264852235926,
  "p_value": 0.09437423553781896
}