{
  "mean": {
    "entropy_mean": 1.434554976790349,
    "entropy_std": 0.10592172042463414,
    "delta_mean": 20.69023755311966,
    "delta_std": 4.993603984196372,
    "pearson_r": 0.08636428373162239,
    "p_value": 0.07269216199090114
  },
  "ci95": {
    "entropy_mean": 0.15164995847981538,
    "entropy_std": 0.045117876495328876,
    "delta_mean": 0.798746782820002,
    "delta_std": 0.26817950842953364,
    "pearson_r": 0.3144120893917585,
    "p_value": 0.14009429022985082
  }
}