{
  "entropy_mean": 1.6414295747491443,
  "entropy_std": 0.17958645283641048,
  "delta_mean": 11.097101715008417,
  "delta_std": 2.1955830598252795,
  "pearson_r": 0.46396399764663926,
  "p_value": 2.0266808581642337e-17
}