{
  "entropy_mean": 1.4965463707729565,
  "entropy_std": 0.19105379157517755,
  "delta_mean": 14.604555710156758,
  "delta_std": 3.5030333317814857,
  "pearson_r": 0.42024325928906325,
  "p_value": 8.610190297937308e-08
}