{
  "entropy_mean": 3.9175287103773035,
  "entropy_std": 0.18229350060820332,
  "delta_mean": 1.1279877893852466,
  "delta_std": 0.02448220745640618,
  "pearson_r": 0.10852543700560634,
  "p_value": 0.28495144233860337
}