{
  "entropy_mean": 3.4438208488587208,
  "entropy_std": 0.43359118477854297,
  "delta_mean": 8.857533858219783,
  "delta_std": 1.7779600065874015,
  "pearson_r": 0.4305168085253812,
  "p_value": 5.7469605688890674e-15
}