{
  "entropy_mean": 4.109799792219415,
  "entropy_std": 0.05945016216355686,
  "delta_mean": 1.1212261806834827,
  "delta_std": 0.02280065221284459,
  "pearson_r": -0.18940583669236283,
  "p_value": 0.06042713618270309
}