{
  "entropy_mean": 1.632484273905878,
  "entropy_std": 0.07508249436402882,
  "delta_mean": 16.70280080477397,
  "delta_std": 3.51523490687491,
  "pearson_r": 0.39554817678496984,
  "p_value": 1.1211309606548628e-12
}