{
  "entropy_mean": 3.5854346096819336,
  "entropy_std": 0.4065223145405803,
  "delta_mean": 8.000631770690282,
  "delta_std": 1.661811705581645,
  "pearson_r": 0.42044287506871375,
  "p_value": 2.797332026373638e-14
}