{
  "entropy_mean": 3.765400991033883,
  "entropy_std": 0.24669413991770753,
  "delta_mean": 0.28183322590799187,
  "delta_std": 0.012463604225080723,
  "pearson_r": 0.20746569418656463,
  "p_value": 0.003279094745747259
}