{
  "entropy_mean": 4.66078150688902,
  "entropy_std": 0.11562008194873877,
  "delta_mean": 0.7799484906484134,
  "delta_std": 0.0222253981921432,
  "pearson_r": -0.011051709558469038,
  "p_value": 0.8768795428013703
}