{
  "entropy_mean": 4.055196175949602,
  "entropy_std": 0.08343663642529005,
  "delta_mean": 2.2193907876709598,
  "delta_std": 0.04224543797834127,
  "pearson_r": -0.022715935480654342,
  "p_value": 0.750128369496062
}