{
  "entropy_mean": 4.104052354061513,
  "entropy_std": 0.11628725848514011,
  "delta_mean": 1.1210973202580152,
  "delta_std": 0.023707703915406497,
  "pearson_r": -0.2516900612229632,
  "p_value": 0.011968389811623209
}