{
  "entropy_mean": 4.66923847712239,
  "entropy_std": 0.19275290156260572,
  "delta_mean": 10.331846616268159,
  "delta_std": 2.5344108369337395,
  "pearson_r": 0.10913358290057577,
  "p_value": 0.1837157127261311
}