{
  "entropy_mean": 4.682252812133735,
  "entropy_std": 0.08777479419198589,
  "delta_mean": 0.7771566066909675,
  "delta_std": 0.023096258089939963,
  "pearson_r": -0.19039190670966977,
  "p_value": 0.007069082458721475
}