{
  "entropy_mean": 4.070629611898465,
  "entropy_std": 0.08862167767514562,
  "delta_mean": 1.134905998152916,
  "delta_std": 0.024013220069067115,
  "pearson_r": -0.060924764347435614,
  "p_value": 0.5491383131921167
}