{
  "entropy_mean": 1.61669546381692,
  "entropy_std": 0.15571439887629535,
  "delta_mean": 13.48620641152064,
  "delta_std": 2.727925918804963,
  "pearson_r": 0.5201571512301093,
  "p_value": 3.38573616614757e-22
}