{
  "entropy_mean": 4.487631961372231,
  "entropy_std": 0.27178134221379063,
  "delta_mean": 10.388375157515208,
  "delta_std": 2.20578244384928,
  "pearson_r": 0.29216513980210523,
  "p_value": 0.00028581629838914563
}