{
  "entropy_mean": 4.095282859981853,
  "entropy_std": 0.10883540058268028,
  "delta_mean": 0.41480035191834574,
  "delta_std": 0.010612039156758044,
  "pearson_r": 0.17314445892971517,
  "p_value": 0.08655515589171452
}