{
  "entropy_mean": 1.4291957871172702,
  "entropy_std": 0.2034400636551711,
  "delta_mean": 13.750433969497681,
  "delta_std": 3.0397239597945407,
  "pearson_r": 0.08509174716101653,
  "p_value": 0.30052053700008663
}