{
  "entropy_mean": 1.583079513694977,
  "entropy_std": 0.025596550508449896,
  "delta_mean": 19.53393218676249,
  "delta_std": 4.540124273511919,
  "pearson_r": -0.08925559145543335,
  "p_value": 0.27740022459223795
}