{
  "mean": {
    "entropy_mean": 1.4875033958642228,
    "entropy_std": 0.1446632035827243,
    "delta_mean": 11.19529761282603,
    "delta_std": 2.1549037463596354,
    "pearson_r": -0.03204123613371265,
    "p_value": 5.194450023137232e-08
  },
  "ci95": {
    "entropy_mean": 0.0945687508450356,
    "entropy_std": 0.03406577411163205,
    "delta_mean": 0.4799278097535133,
    "delta_std": 0.22502398381915223,
    "pearson_r": 0.35826572385613237,
    "p_value": 9.229320246457106e-08
  }
}