{
  "entropy_mean": 4.672696403445164,
  "entropy_std": 0.06713055572219884,
  "delta_mean": 0.7747091306513877,
  "delta_std": 0.02136917669988749,
  "pearson_r": 0.019074850318696285,
  "p_value": 0.7891511295788457
}