{
  "entropy_mean": 4.626906327306384,
  "entropy_std": 0.1398892314750692,
  "delta_mean": 0.7809230232957619,
  "delta_std": 0.022485333389581367,
  "pearson_r": -0.06897212624779875,
  "p_value": 0.3330466124923576
}