{
  "entropy_mean": 4.066981392053416,
  "entropy_std": 0.034307929158606365,
  "delta_mean": 2.224562399351417,
  "delta_std": 0.04026744740586223,
  "pearson_r": 0.011646153510830138,
  "p_value": 0.8703138948581732
}