{
  "entropy_mean": 2.927511006946257,
  "entropy_std": 0.3439649068719484,
  "delta_mean": 0.29678885721082066,
  "delta_std": 0.01747070766442217,
  "pearson_r": 0.28168150364768707,
  "p_value": 5.5660376007506996e-05
}