{
  "entropy_mean": 4.7563772976861936,
  "entropy_std": 0.03854750403173296,
  "delta_mean": 15.774052044153214,
  "delta_std": 4.265176150319223,
  "pearson_r": 0.16761993511778828,
  "p_value": 0.003593862451188298
}