{
  "entropy_mean": 3.728245527458185,
  "entropy_std": 0.31167076004442923,
  "delta_mean": 0.2825350375031706,
  "delta_std": 0.011837025436663652,
  "pearson_r": -0.05463370394767824,
  "p_value": 0.4434260033037792
}