{
  "entropy_mean": 2.727941933832071,
  "entropy_std": 0.22887734652940228,
  "delta_mean": 0.3064516583579269,
  "delta_std": 0.020855762557060495,
  "pearson_r": 0.15001289027881526,
  "p_value": 0.03444331999955653
}