{
  "entropy_mean": 3.5031398104948566,
  "entropy_std": 0.0663601189663967,
  "delta_mean": 1.4311331166028975,
  "delta_std": 0.0188680718907451,
  "pearson_r": -0.33099378299987836,
  "p_value": 5.4009393473057594e-27
}