{
  "entropy_mean": 3.4668595147967007,
  "entropy_std": 0.08892865799667198,
  "delta_mean": 1.4308264096975327,
  "delta_std": 0.014253160291415283,
  "pearson_r": 0.21467345075596966,
  "p_value": 6.875756971050458e-12
}