{
  "entropy_mean": 4.743681626859562,
  "entropy_std": 0.03739934625699331,
  "delta_mean": 1.5383860459878815,
  "delta_std": 0.044747105399593236,
  "pearson_r": -0.061456169958016525,
  "p_value": 0.38852248163537406
}