{
  "entropy_mean": 4.081128658098101,
  "entropy_std": 0.14520397732800325,
  "delta_mean": 0.43542688994696643,
  "delta_std": 0.020319668435958827,
  "pearson_r": 0.014533531430215362,
  "p_value": 0.8864656718250711
}