{
  "entropy_mean": 1.6394861381732106,
  "entropy_std": 0.03785438065529705,
  "delta_mean": 16.990134189923605,
  "delta_std": 3.3428273086220326,
  "pearson_r": 0.40980291989160095,
  "p_value": 1.4065544109316585e-13
}