{
  "entropy_mean": 3.4458322153616847,
  "entropy_std": 0.08539556857023424,
  "delta_mean": 1.162284748752912,
  "delta_std": 0.022013912087013168,
  "pearson_r": -0.25388099997208924,
  "p_value": 0.00514178038007903
}