{
  "entropy_mean": 1.5663256421462037,
  "entropy_std": 0.07201843513796866,
  "delta_mean": 19.641288906733195,
  "delta_std": 4.269065523240506,
  "pearson_r": 0.38436308223645643,
  "p_value": 1.1981301208054786e-06
}