{
  "entropy_mean": 4.5229674268479965,
  "entropy_std": 0.18806136661918169,
  "delta_mean": 13.340436676343282,
  "delta_std": 3.031135202609947,
  "pearson_r": 0.4725757804817767,
  "p_value": 4.270900084079931e-18
}