{
  "entropy_mean": 4.143301614099756,
  "entropy_std": 0.12539561947631442,
  "delta_mean": 0.4084885252846612,
  "delta_std": 0.019905924928516897,
  "pearson_r": -0.09921981672174983,
  "p_value": 0.32851945033727054
}