{
  "entropy_mean": 4.5759174900317365,
  "entropy_std": 0.16121302134891474,
  "delta_mean": 0.7808187951394661,
  "delta_std": 0.020888731926953126,
  "pearson_r": -0.09327710529805636,
  "p_value": 0.1900588616069152
}