{
  "entropy_mean": 4.105630721610886,
  "entropy_std": 0.09260033567511151,
  "delta_mean": 1.124805611793441,
  "delta_std": 0.021718730079665655,
  "pearson_r": 0.12284580896331361,
  "p_value": 0.22575318388292606
}