{
  "entropy_mean": 1.5743836021723137,
  "entropy_std": 0.05592587673738499,
  "delta_mean": 19.47990903377533,
  "delta_std": 5.210005383772138,
  "pearson_r": 0.3636113364905952,
  "p_value": 4.794144370629129e-06
}