{
  "entropy_mean": 3.653605851475166,
  "entropy_std": 0.4331906917456412,
  "delta_mean": 6.376533195177714,
  "delta_std": 1.3182692039025843,
  "pearson_r": 0.3514372944044222,
  "p_value": 1.0351410755651299e-05
}