{
  "entropy_mean": 1.5768020536716194,
  "entropy_std": 0.07747768926074498,
  "delta_mean": 21.82702310880025,
  "delta_std": 6.211455455388727,
  "pearson_r": 0.4034174897811685,
  "p_value": 3.0758259942329117e-07
}