{
  "entropy_mean": 3.380391124126163,
  "entropy_std": 0.08565981961014538,
  "delta_mean": 2.2472075462341308,
  "delta_std": 0.037674939580136964,
  "pearson_r": -0.09302018120446393,
  "p_value": 0.31224989720171065
}