{
  "entropy_mean": 1.6036777903564727,
  "entropy_std": 0.11878120345880494,
  "delta_mean": 12.642145084540049,
  "delta_std": 2.5429997280836156,
  "pearson_r": 0.21452764736374605,
  "p_value": 0.00018118831772089008
}