{
  "entropy_mean": 1.6888320930300815,
  "entropy_std": 0.09781242439292485,
  "delta_mean": 12.840360620816549,
  "delta_std": 2.2960758805241825,
  "pearson_r": 0.49525668590542493,
  "p_value": 5.69447564211158e-20
}