{
  "entropy_mean": 3.087144550758975,
  "entropy_std": 0.47667399160438906,
  "delta_mean": 7.437290342648824,
  "delta_std": 1.4793948900797471,
  "pearson_r": 0.1733135422096393,
  "p_value": 0.03392434393340964
}