{
  "entropy_mean": 0.9348807937390495,
  "entropy_std": 0.2800679608792367,
  "delta_mean": 12.878902093569438,
  "delta_std": 2.4137860880991022,
  "pearson_r": -0.46663079245148836,
  "p_value": 1.2571920311885876e-17
}