{
  "entropy_mean": 4.7547702267734255,
  "entropy_std": 0.03507546193127822,
  "delta_mean": 1.545608451618022,
  "delta_std": 0.04242529953407417,
  "pearson_r": 0.002645322525206606,
  "p_value": 0.970419745200453
}