{
  "entropy_mean": 1.615249002536505,
  "entropy_std": 0.0558955276386173,
  "delta_mean": 9.84149701277415,
  "delta_std": 1.5112255866939344,
  "pearson_r": -0.6716755934053381,
  "p_value": 5.071588155872837e-21
}