{
  "entropy_mean": 4.078998041716589,
  "entropy_std": 0.028717097620841132,
  "delta_mean": 2.224739108253364,
  "delta_std": 0.043687484981789634,
  "pearson_r": -0.2246810137899899,
  "p_value": 0.0014205622531970271
}