{
  "entropy_mean": 3.48822639122742,
  "entropy_std": 0.0704095005504921,
  "delta_mean": 1.4304741163253785,
  "delta_std": 0.015245813065853186,
  "pearson_r": 0.2262773017356794,
  "p_value": 4.464355306387375e-13
}