{
  "entropy_mean": 4.724867527785832,
  "entropy_std": 0.08156760807041,
  "delta_mean": 17.33607484181722,
  "delta_std": 4.757197880514374,
  "pearson_r": 0.4933307757444838,
  "p_value": 8.320312673090518e-20
}