{
  "entropy_mean": 4.438844147521511,
  "entropy_std": 0.3124323657664771,
  "delta_mean": 0.7823053622486615,
  "delta_std": 0.023059823283403537,
  "pearson_r": -0.15042499258351613,
  "p_value": 0.1372337290619743
}