{
  "entropy_mean": 4.143084966171485,
  "entropy_std": 0.08410348847528394,
  "delta_mean": 0.40402962432967293,
  "delta_std": 0.017602930817910704,
  "pearson_r": -0.045750586961134494,
  "p_value": 0.6529506615528058
}