{
  "entropy_mean": 4.585559616801362,
  "entropy_std": 0.2193104788263462,
  "delta_mean": 11.56903193950653,
  "delta_std": 2.629784784342609,
  "pearson_r": 0.5948304993473481,
  "p_value": 4.263928018736849e-30
}