{
  "entropy_mean": 3.6089021260312144,
  "entropy_std": 0.2999058639704661,
  "delta_mean": 0.2918141383921082,
  "delta_std": 0.012282553913637875,
  "pearson_r": -0.1273439092542638,
  "p_value": 0.0730697931317692
}