{
  "entropy_mean": 4.077441406514288,
  "entropy_std": 0.03060023728710999,
  "delta_mean": 2.22672718221491,
  "delta_std": 0.041047071904614096,
  "pearson_r": -0.0870534820239179,
  "p_value": 0.3915560930179678
}