{
  "entropy_mean": 1.619465623259561,
  "entropy_std": 0.1026766897283141,
  "delta_mean": 18.577203045686087,
  "delta_std": 4.788747721927446,
  "pearson_r": 0.4398929231709996,
  "p_value": 1.255652541756588e-15
}