{
  "entropy_mean": 1.649621659010822,
  "entropy_std": 0.19172406564974642,
  "delta_mean": 12.65855094075203,
  "delta_std": 3.1141017205987884,
  "pearson_r": 0.1835785732642874,
  "p_value": 0.0014051853795829525
}