{
  "entropy_mean": 1.5848864068752153,
  "entropy_std": 0.17354049292096635,
  "delta_mean": 14.924262305895487,
  "delta_std": 3.8863509063008816,
  "pearson_r": 0.44908377445339975,
  "p_value": 8.207324560682813e-09
}