{
  "entropy_mean": 4.696749729057439,
  "entropy_std": 0.12397362709910215,
  "delta_mean": 0.7758095541385689,
  "delta_std": 0.018950822961502804,
  "pearson_r": -0.09693992379540776,
  "p_value": 0.3398100158533622
}