{
  "entropy_mean": 4.11997428621235,
  "entropy_std": 0.06683173629657703,
  "delta_mean": 1.1192925108803644,
  "delta_std": 0.02212530423115553,
  "pearson_r": 0.04421078628064712,
  "p_value": 0.6639126084713123
}