{
  "entropy_mean": 4.70230947076798,
  "entropy_std": 0.12562197529417657,
  "delta_mean": 0.7772371193871426,
  "delta_std": 0.020594356213134296,
  "pearson_r": -0.12618242428204812,
  "p_value": 0.07574713051070751
}