{
  "entropy_mean": 1.7069650403860854,
  "entropy_std": 0.07763894669070098,
  "delta_mean": 9.951769700050354,
  "delta_std": 1.8771208971887166,
  "pearson_r": 0.07649929574398104,
  "p_value": 0.352139296538641
}