{
  "entropy_mean": 4.745010031219504,
  "entropy_std": 0.04118428637981925,
  "delta_mean": 16.038664232095083,
  "delta_std": 3.6921963395376385,
  "pearson_r": 0.19333700776362203,
  "p_value": 0.0007611920481149294
}