{
  "entropy_mean": 3.332740421928143,
  "entropy_std": 0.5911581070865278,
  "delta_mean": 7.326073101361593,
  "delta_std": 2.4401746987358965,
  "pearson_r": 0.27777378790703616,
  "p_value": 0.0005784047695683857
}