{
  "mean": {
    "entropy_mean": 4.473902322562774,
    "entropy_std": 0.15335685342528144,
    "delta_mean": 0.7778970029186364,
    "delta_std": 0.02157059229176897,
    "pearson_r": -0.014415910184667341,
    "p_value": 0.44791681990528975
  },
  "ci95": {
    "entropy_mean": 0.3518706664381395,
    "entropy_std": 0.11374368295241875,
    "delta_mean": 0.0019898875117548074,
    "delta_std": 0.000733300030018116,
    "pearson_r": 0.05056905706626245,
    "p_value": 0.1861973483336219
  }
}