{
  "entropy_mean": 4.617535933788555,
  "entropy_std": 0.24511295228577598,
  "delta_mean": 10.201427805423737,
  "delta_std": 2.4166266303731003,
  "pearson_r": 0.3500867989755435,
  "p_value": 1.1252310883531858e-05
}