{
  "entropy_mean": 4.128011292373536,
  "entropy_std": 0.11648501089998947,
  "delta_mean": 0.40504810558491616,
  "delta_std": 0.011176286386151472,
  "pearson_r": 0.08653615081403826,
  "p_value": 0.22423888432965466
}