{
  "entropy_mean": 1.5935673879471146,
  "entropy_std": 0.024615172764104798,
  "delta_mean": 18.885801383654275,
  "delta_std": 4.5913310179698525,
  "pearson_r": 0.003978963573125348,
  "p_value": 0.9614574898057953
}