{
  "entropy_mean": 3.6611483074794084,
  "entropy_std": 0.30909482773039687,
  "delta_mean": 7.87352255821228,
  "delta_std": 1.6614636618877396,
  "pearson_r": 0.40207362820752013,
  "p_value": 4.388472933055141e-13
}