{
  "entropy_mean": 4.581737836335048,
  "entropy_std": 0.24602152965448226,
  "delta_mean": 11.272604662577312,
  "delta_std": 3.2872051029750184,
  "pearson_r": 0.5804453813404276,
  "p_value": 2.0489613733626676e-28
}