{
  "entropy_mean": 4.065616124518125,
  "entropy_std": 0.04129861164724624,
  "delta_mean": 2.2194394535488553,
  "delta_std": 0.040786856771885524,
  "pearson_r": 0.033220306568985315,
  "p_value": 0.7440989737096254
}