{
  "entropy_mean": 1.5739248904721974,
  "entropy_std": 0.0692710623471773,
  "delta_mean": 19.88997532049815,
  "delta_std": 4.633237898805981,
  "pearson_r": 0.3898905298872924,
  "p_value": 8.146792119114986e-07
}