{
  "entropy_mean": 4.1024904132173905,
  "entropy_std": 0.10017060293829794,
  "delta_mean": 0.41489906631522444,
  "delta_std": 0.010001223653578924,
  "pearson_r": 0.21310826847140854,
  "p_value": 0.0025101370734185065
}