{
  "entropy_mean": 4.756284995416174,
  "entropy_std": 0.048633996741010044,
  "delta_mean": 1.535709211574727,
  "delta_std": 0.04503210551170424,
  "pearson_r": -0.14229226688806462,
  "p_value": 0.04497937697463898
}