{
  "mean": {
    "entropy_mean": 4.651179009323539,
    "entropy_std": 0.09864956275622738,
    "delta_mean": 12.69345221789678,
    "delta_std": 2.9315301209619973,
    "pearson_r": 0.29693035851988303,
    "p_value": 0.00033212171379699243
  },
  "ci95": {
    "entropy_mean": 0.08595194049112433,
    "entropy_std": 0.034506646601875086,
    "delta_mean": 0.900660767392152,
    "delta_std": 0.38885090252161114,
    "pearson_r": 0.23290530672118143,
    "p_value": 0.0006283361742847446
  }
}