{
  "entropy_mean": 4.744765697686771,
  "entropy_std": 0.045970778034658905,
  "delta_mean": 1.5400094925755201,
  "delta_std": 0.039863006878127445,
  "pearson_r": -0.16310082248297128,
  "p_value": 0.1067350837703127
}