{
  "entropy_mean": 4.6848242249432115,
  "entropy_std": 0.12560248420161393,
  "delta_mean": 0.7745439613883819,
  "delta_std": 0.020029186990407535,
  "pearson_r": 0.12102460487500238,
  "p_value": 0.0886108200383235
}