{
  "entropy_mean": 4.694583736742052,
  "entropy_std": 0.10861646152577563,
  "delta_mean": 14.398649663925172,
  "delta_std": 4.0581756605617505,
  "pearson_r": 0.48525502137467036,
  "p_value": 3.976457961609677e-19
}