{
  "entropy_mean": 4.754967446967245,
  "entropy_std": 0.04321899713608332,
  "delta_mean": 15.153962860902151,
  "delta_std": 3.8415816554943274,
  "pearson_r": 0.2758175562334449,
  "p_value": 1.2234989953394513e-06
}