{
  "mean": {
    "entropy_mean": 4.631081624820896,
    "entropy_std": 0.1510928673236829,
    "delta_mean": 13.8294652604262,
    "delta_std": 3.428916277243821,
    "pearson_r": 0.22441400279742335,
    "p_value": 0.010291614109748205
  },
  "ci95": {
    "entropy_mean": 0.19512160533634104,
    "entropy_std": 0.09987423321745008,
    "delta_mean": 0.5852295249803118,
    "delta_std": 0.2954715346191536,
    "pearson_r": 0.21789887686863835,
    "p_value": 0.013348708060211696
  }
}