{
  "entropy_mean": 4.076410071099751,
  "entropy_std": 0.03350781096836561,
  "delta_mean": 2.2276346225931185,
  "delta_std": 0.04289507307099063,
  "pearson_r": -0.20691686302328763,
  "p_value": 0.03988431066182295
}