{
  "entropy_mean": 4.107986774961421,
  "entropy_std": 0.14780816611443448,
  "delta_mean": 0.4016778455607256,
  "delta_std": 0.01014084778021553,
  "pearson_r": -0.07669298109680385,
  "p_value": 0.2816327721944387
}