{
  "entropy_mean": 4.127592867343865,
  "entropy_std": 0.020921741034803817,
  "delta_mean": 1.1301997586934254,
  "delta_std": 0.02762325275707906,
  "pearson_r": -0.10837136133302946,
  "p_value": 0.2856399107688599
}