{
  "entropy_mean": 4.754679388477199,
  "entropy_std": 0.0501682996122296,
  "delta_mean": 1.5405991898110165,
  "delta_std": 0.040072389180040524,
  "pearson_r": -0.05624149330080651,
  "p_value": 0.4301057951805659
}