{
  "entropy_mean": 4.585381305905425,
  "entropy_std": 0.12512225815682826,
  "delta_mean": 0.7796162196140194,
  "delta_std": 0.023266765306901267,
  "pearson_r": -0.0597497545236792,
  "p_value": 0.4018546562834674
}