{
  "entropy_mean": 1.5618384686543987,
  "entropy_std": 0.07188964401763605,
  "delta_mean": 18.54034427245458,
  "delta_std": 3.056921200845655,
  "pearson_r": -0.43938787324854234,
  "p_value": 1.3645005599913814e-15
}