{
  "entropy_mean": 3.3718574369945955,
  "entropy_std": 0.4729899269910721,
  "delta_mean": 8.909037764072417,
  "delta_std": 2.025743818958055,
  "pearson_r": 0.4431717768652915,
  "p_value": 7.294763442924485e-16
}