{
  "entropy_mean": 4.0772690840768755,
  "entropy_std": 0.02815793391242864,
  "delta_mean": 2.2249995164535754,
  "delta_std": 0.040868851685215646,
  "pearson_r": -0.10511540619053397,
  "p_value": 0.13951742647070378
}