{
  "entropy_mean": 3.5812149842663157,
  "entropy_std": 0.47286025763784684,
  "delta_mean": 8.242306904792786,
  "delta_std": 2.0070369282423477,
  "pearson_r": 0.08591826693188001,
  "p_value": 0.29583292588314064
}