{
  "entropy_mean": 4.741260996974962,
  "entropy_std": 0.039981444869494245,
  "delta_mean": 1.540992016169294,
  "delta_std": 0.04124149696836409,
  "pearson_r": -0.035330370911787895,
  "p_value": 0.6203098823923661
}