{
  "entropy_mean": 4.652315081065978,
  "entropy_std": 0.16971428652554643,
  "delta_mean": 11.33131050546964,
  "delta_std": 2.3637610704249346,
  "pearson_r": 0.4077143763704779,
  "p_value": 1.9184235859663404e-13
}