{
  "entropy_mean": 1.545322302485592,
  "entropy_std": 0.11664406441727708,
  "delta_mean": 19.613217004140218,
  "delta_std": 5.315666373816061,
  "pearson_r": 0.4315887857786129,
  "p_value": 3.505466129167691e-08
}