{
  "entropy_mean": 3.324249403877917,
  "entropy_std": 0.5232706834447323,
  "delta_mean": 7.262725189526876,
  "delta_std": 1.7016086684824394,
  "pearson_r": 0.3083437815403889,
  "p_value": 0.0001236381729746124
}