{
  "entropy_mean": 3.9156343511508673,
  "entropy_std": 0.38719695187158026,
  "delta_mean": 9.230480357805888,
  "delta_std": 1.563778191671121,
  "pearson_r": -0.07629945945097391,
  "p_value": 0.35340234633764894
}