{
  "entropy_mean": 3.3401803294338714,
  "entropy_std": 0.4710251940049262,
  "delta_mean": 7.572744146982829,
  "delta_std": 1.7148925055487394,
  "pearson_r": 0.5178604134678477,
  "p_value": 1.1487632350733955e-11
}