{
  "mean": {
    "entropy_mean": 4.758113373089046,
    "entropy_std": 0.03529715620009643,
    "delta_mean": 1.5408821056236575,
    "delta_std": 0.04250917972334807,
    "pearson_r": -0.046890167364474086,
    "p_value": 0.34839702001255846
  },
  "ci95": {
    "entropy_mean": 0.0011678273425943144,
    "entropy_std": 0.006128489829767816,
    "delta_mean": 0.0022773679845696864,
    "delta_std": 0.0013210062440595094,
    "pearson_r": 0.04507696531378795,
    "p_value": 0.14548902184256254
  }
}