{
  "entropy_mean": 3.566027286619689,
  "entropy_std": 0.3919302257674158,
  "delta_mean": 9.091646426518759,
  "delta_std": 2.0438955001706534,
  "pearson_r": 0.129115231346766,
  "p_value": 0.025327266309051646
}