{
  "entropy_mean": 2.803903788013328,
  "entropy_std": 0.31237923643316357,
  "delta_mean": 7.490660713513692,
  "delta_std": 1.3541340068651269,
  "pearson_r": -0.45700333509081675,
  "p_value": 4.138756063075303e-09
}