{
  "entropy_mean": 4.067484514348651,
  "entropy_std": 0.03425696472441827,
  "delta_mean": 2.2214699682563244,
  "delta_std": 0.03656074603907885,
  "pearson_r": 0.002713830587013629,
  "p_value": 0.9787314087574328
}