{
  "entropy_mean": 3.4570554349950777,
  "entropy_std": 0.07624808230521626,
  "delta_mean": 1.2966528032581013,
  "delta_std": 0.01871141505165676,
  "pearson_r": 0.05859306987091142,
  "p_value": 0.0506604203411441
}