{
  "pearson_r": 0.24168835153996915,
  "p_value": 9.30203294803594e-15,
  "spearman_r": 0.2262807416384261,
  "spearman_p": 4.460636266163369e-13,
  "entropy_mean": 3.488258273808862,
  "entropy_std": 0.07062711754974274,
  "delta_mean": 1.4303829865455628,
  "delta_std": 0.015198052793818275,
  "entropy_slope": -2.1573168704897157e-05,
  "entropy_range": 0.3917361498459786
}