{
  "entropy_mean": 3.606724562636876,
  "entropy_std": 0.5816045220333714,
  "delta_mean": 12.289833869536718,
  "delta_std": 2.821726886715638,
  "pearson_r": -0.02346031940584989,
  "p_value": 0.6856950992812864
}