{
  "entropy_mean": 4.656533785237822,
  "entropy_std": 0.16993188209839863,
  "delta_mean": 9.939246675173441,
  "delta_std": 2.0561282186300938,
  "pearson_r": 0.23788986948228621,
  "p_value": 0.003374669185256876
}