{
  "entropy_mean": 0.9981558773821272,
  "entropy_std": 0.25083204909884976,
  "delta_mean": 20.392270181973775,
  "delta_std": 4.605130169333135,
  "pearson_r": -0.8591911721281118,
  "p_value": 6.449943481130822e-45
}