{
  "entropy_mean": 2.734160172992273,
  "entropy_std": 0.31515299904456956,
  "delta_mean": 6.485768917798996,
  "delta_std": 0.7932742576362514,
  "pearson_r": -0.7697339009267141,
  "p_value": 4.8718623968581347e-60
}