{
  "entropy_mean": 1.5754120106819747,
  "entropy_std": 0.0801699161537052,
  "delta_mean": 21.024839916229247,
  "delta_std": 5.327115255290727,
  "pearson_r": 0.40152048587982503,
  "p_value": 3.5352685941701434e-07
}