{
  "entropy_mean": 4.113657884512685,
  "entropy_std": 0.051929339305863215,
  "delta_mean": 1.1228044320590531,
  "delta_std": 0.021986078341406437,
  "pearson_r": -0.12553380381278054,
  "p_value": 0.07727649558037664
}