{
  "entropy_mean": 4.129167674142462,
  "entropy_std": 0.03821527314588824,
  "delta_mean": 1.1193246110599844,
  "delta_std": 0.019990522618538436,
  "pearson_r": -0.04394957055813751,
  "p_value": 0.5376455738230527
}