{
  "entropy_mean": 4.593450286565837,
  "entropy_std": 0.18328140434865375,
  "delta_mean": 10.719048076470694,
  "delta_std": 2.4365360915828234,
  "pearson_r": 0.2125477437408175,
  "p_value": 0.009019917675595712
}