{
  "entropy_mean": 4.7435244143452735,
  "entropy_std": 0.048644205042766966,
  "delta_mean": 15.919424590269724,
  "delta_std": 3.629264749231267,
  "pearson_r": 0.4254397761241935,
  "p_value": 1.2843633935385919e-14
}