{
  "mean": {
    "entropy_mean": 1.529625942022417,
    "entropy_std": 0.1324406818113257,
    "delta_mean": 18.276089157660802,
    "delta_std": 4.014921137761871,
    "pearson_r": 0.3606362807922377,
    "p_value": 4.414492780815375e-12
  },
  "ci95": {
    "entropy_mean": 0.07847447154124765,
    "entropy_std": 0.023800924089890565,
    "delta_mean": 0.5284877798771912,
    "delta_std": 0.26600422826257814,
    "pearson_r": 0.20615312672279584,
    "p_value": 8.650330352620977e-12
  }
}