{
  "entropy_mean": 3.3020960293857207,
  "entropy_std": 0.5194647804834331,
  "delta_mean": 8.950216466188431,
  "delta_std": 1.7293163065850896,
  "pearson_r": 0.293058798326137,
  "p_value": 2.3577871829146602e-07
}