{
  "entropy_mean": 4.115584202532194,
  "entropy_std": 0.4284160557219342,
  "delta_mean": 10.596972650686899,
  "delta_std": 3.0725074001642176,
  "pearson_r": 0.30482901159740966,
  "p_value": 0.00014894641319679262
}