{
  "entropy_mean": 3.3209890833616575,
  "entropy_std": 0.4323069682885002,
  "delta_mean": 9.685188117424646,
  "delta_std": 2.748693436192789,
  "pearson_r": 0.39315533548275466,
  "p_value": 1.573259115850218e-12
}