{
  "entropy_mean": 1.1975722513448206,
  "entropy_std": 0.27110629035628714,
  "delta_mean": 10.206510470708212,
  "delta_std": 1.8741504391158852,
  "pearson_r": -0.19132025287509907,
  "p_value": 0.01901226190205321
}