{
  "entropy_mean": 4.659446561359859,
  "entropy_std": 0.11267646590399186,
  "delta_mean": 0.7763831464931218,
  "delta_std": 0.023492498951443883,
  "pearson_r": -0.014404811500011709,
  "p_value": 0.8874645973875535
}