{
  "entropy_mean": 4.063169305596116,
  "entropy_std": 0.0211728055034617,
  "delta_mean": 2.227652755813982,
  "delta_std": 0.042738810027157605,
  "pearson_r": -0.023052284558221704,
  "p_value": 0.7465537365407299
}