{
  "entropy_mean": 3.8413653576902305,
  "entropy_std": 0.1318569453202324,
  "delta_mean": 0.5076924012446558,
  "delta_std": 0.12143780538763436,
  "pearson_r": 0.42288455681724996,
  "p_value": 4.136589729263443e-23
}