{
  "entropy_mean": 1.5874602413151928,
  "entropy_std": 0.02512957621479424,
  "delta_mean": 23.387184257507325,
  "delta_std": 5.2825939552124295,
  "pearson_r": -0.027946343615739944,
  "p_value": 0.6297218971530183
}