{
  "entropy_mean": 4.6694078851246985,
  "entropy_std": 0.1616205878772752,
  "delta_mean": 12.581678811311722,
  "delta_std": 3.30552211180706,
  "pearson_r": 0.2791566221131738,
  "p_value": 8.971027702738237e-07
}