{
  "entropy_mean": 1.607099729956059,
  "entropy_std": 0.13440354131769847,
  "delta_mean": 14.679866603215535,
  "delta_std": 3.261102945086192,
  "pearson_r": 0.39166299310521613,
  "p_value": 7.188202645015138e-07
}