{
  "entropy_mean": 1.4998085880534022,
  "entropy_std": 0.19453725951428566,
  "delta_mean": 16.43222971757253,
  "delta_std": 3.8521351670948465,
  "pearson_r": 0.5877672892390235,
  "p_value": 2.6321701828905346e-15
}