{
  "entropy_mean": 1.3967737962162001,
  "entropy_std": 0.1966480528404056,
  "delta_mean": 9.088445602258046,
  "delta_std": 1.7535475167514565,
  "pearson_r": 0.11719208189766604,
  "p_value": 0.15322758287802102
}