{
  "entropy_mean": 4.659948494099145,
  "entropy_std": 0.12494073158232943,
  "delta_mean": 12.669686599175135,
  "delta_std": 2.9769350333651254,
  "pearson_r": 0.3302297512041029,
  "p_value": 4.597877694188779e-09
}