{
  "entropy_mean": 1.6845432758238872,
  "entropy_std": 0.10053011746283211,
  "delta_mean": 10.092103513876596,
  "delta_std": 2.099380487802407,
  "pearson_r": 0.4476366810446833,
  "p_value": 9.283605282952835e-09
}