{
  "entropy_mean": 4.652356657403248,
  "entropy_std": 0.1594437803588924,
  "delta_mean": 10.170019229253134,
  "delta_std": 2.4354224004469014,
  "pearson_r": 0.15960300530989116,
  "p_value": 0.051068719898030926
}