{
  "entropy_mean": 4.654114435352344,
  "entropy_std": 0.1335689910420919,
  "delta_mean": 9.464352952639262,
  "delta_std": 1.9033222484976207,
  "pearson_r": 0.36625133743046556,
  "p_value": 4.040114391694863e-06
}