{
  "entropy_mean": 1.3939773161969233,
  "entropy_std": 0.2583013589985401,
  "delta_mean": 14.359415637652079,
  "delta_std": 3.3872480593935035,
  "pearson_r": 0.11868674780290539,
  "p_value": 0.1480179685600055
}