{
  "entropy_mean": 3.7160167811685625,
  "entropy_std": 0.3707795644197943,
  "delta_mean": 0.29104328679679026,
  "delta_std": 0.02014268876744941,
  "pearson_r": -0.1775682317363714,
  "p_value": 0.01210392564065978
}