{
  "entropy_mean": 1.5654181015701887,
  "entropy_std": 0.05573381316157265,
  "delta_mean": 20.756782784461976,
  "delta_std": 4.703862163877161,
  "pearson_r": 0.4587601265006059,
  "p_value": 3.5471483860613503e-09
}