{
  "entropy_mean": 4.677136254530009,
  "entropy_std": 0.07172842459922707,
  "delta_mean": 0.7739249012578073,
  "delta_std": 0.023257410547896033,
  "pearson_r": -0.13360625461436904,
  "p_value": 0.059928634032348986
}