{
  "entropy_mean": 1.4913005269088775,
  "entropy_std": 0.1873977949102717,
  "delta_mean": 17.814271728197735,
  "delta_std": 3.901686025348574,
  "pearson_r": 0.36851023412920797,
  "p_value": 4.4135396885281986e-11
}