{
  "entropy_mean": 4.127546363553206,
  "entropy_std": 0.03723098236366736,
  "delta_mean": 1.120412507847925,
  "delta_std": 0.01950347067217029,
  "pearson_r": -0.017098672106570095,
  "p_value": 0.8105593728092674
}