{
  "entropy_mean": 1.5834258287316132,
  "entropy_std": 0.023054331783261082,
  "delta_mean": 23.73989875713984,
  "delta_std": 5.02131374177071,
  "pearson_r": 0.27761839815335493,
  "p_value": 1.0354848619531208e-06
}