{
  "entropy_mean": 3.9883750651969456,
  "entropy_std": 0.08889413061242828,
  "delta_mean": 2.2311520600559738,
  "delta_std": 0.04381538446167532,
  "pearson_r": -0.13789359036882376,
  "p_value": 0.1734786723698044
}