{
  "entropy_mean": 3.3414738772107584,
  "entropy_std": 0.2122601716570833,
  "delta_mean": 1.1244076394071483,
  "delta_std": 0.022563224376011198,
  "pearson_r": 0.21144007327040829,
  "p_value": 0.035649876107034295
}