{
  "entropy_mean": 1.6253362520212087,
  "entropy_std": 0.037741192331900174,
  "delta_mean": 18.360249756177268,
  "delta_std": 4.3805404699525265,
  "pearson_r": 0.07545157583562959,
  "p_value": 0.1924852048271482
}