{
  "entropy_mean": 3.83261308403193,
  "entropy_std": 0.32853286087659583,
  "delta_mean": 0.2851550509833326,
  "delta_std": 0.019529020925080645,
  "pearson_r": 0.044665774430523296,
  "p_value": 0.660666008089679
}