{
  "entropy_mean": 3.6772207154833314,
  "entropy_std": 0.4101593209969293,
  "delta_mean": 6.770788350900014,
  "delta_std": 1.3947925141451587,
  "pearson_r": 0.5087101008705821,
  "p_value": 3.0026131295182724e-11
}