{
  "entropy_mean": 3.503195926488544,
  "entropy_std": 0.06621567409377525,
  "delta_mean": 1.4311028014421463,
  "delta_std": 0.0188478615417586,
  "pearson_r": -0.3296871506174541,
  "p_value": 8.793342874130013e-27
}