{
  "entropy_mean": 1.6760155630650762,
  "entropy_std": 0.11661334404119632,
  "delta_mean": 11.231365170081457,
  "delta_std": 2.1767640511307307,
  "pearson_r": 0.5620614586086847,
  "p_value": 2.2038632756841258e-26
}