{
  "entropy_mean": 4.199820804922625,
  "entropy_std": 0.07440610139095934,
  "delta_mean": 0.40687819656415203,
  "delta_std": 0.013622280937527811,
  "pearson_r": -0.28969994605405375,
  "p_value": 3.320011236044093e-05
}