{
  "entropy_mean": 4.631221387307965,
  "entropy_std": 0.08708287482931164,
  "delta_mean": 0.7826599171667388,
  "delta_std": 0.021919534301690444,
  "pearson_r": 0.09557912832737811,
  "p_value": 0.3466642971916646
}