{
  "entropy_mean": 4.0690230037332835,
  "entropy_std": 0.03721954813376781,
  "delta_mean": 2.2225836054164563,
  "delta_std": 0.040549459411915074,
  "pearson_r": -0.12839497554989013,
  "p_value": 0.07071369455271191
}