{
  "entropy_mean": 1.6348942005838145,
  "entropy_std": 0.06996414174167156,
  "delta_mean": 19.009365893205008,
  "delta_std": 4.651654508262811,
  "pearson_r": 0.4097924810594641,
  "p_value": 1.4087455739188698e-13
}