{
  "entropy_mean": 1.545749462886714,
  "entropy_std": 0.12768056770867656,
  "delta_mean": 15.44099720478058,
  "delta_std": 4.084803639646407,
  "pearson_r": 0.18393168682601257,
  "p_value": 0.0013750698282692278
}