{
  "entropy_mean": 3.603727186844944,
  "entropy_std": 0.32192866570349166,
  "delta_mean": 8.235548609892527,
  "delta_std": 1.751762640788948,
  "pearson_r": 0.36529348243644155,
  "p_value": 6.682365470319389e-11
}