{
  "mean": {
    "entropy_mean": 1.5144271780811345,
    "entropy_std": 0.08077232145947304,
    "delta_mean": 20.23900857130686,
    "delta_std": 4.848867374384735,
    "pearson_r": 0.1570578349458509,
    "p_value": 0.03331169256832779
  },
  "ci95": {
    "entropy_mean": 0.07177833427264108,
    "entropy_std": 0.02478165325162705,
    "delta_mean": 0.6686935897135605,
    "delta_std": 0.3166007060368654,
    "pearson_r": 0.3454594140513442,
    "p_value": 0.06529080642030743
  }
}