{
  "entropy_mean": 4.735160019244225,
  "entropy_std": 0.09339658226018722,
  "delta_mean": 13.535150587558746,
  "delta_std": 3.161897126483045,
  "pearson_r": 0.4149155667633114,
  "p_value": 1.2983237588204305e-07
}