{
  "entropy_mean": 3.1342289205942495,
  "entropy_std": 0.5783121327153102,
  "delta_mean": 8.425914874474207,
  "delta_std": 1.6029883040687203,
  "pearson_r": 0.01703639101669304,
  "p_value": 0.7688584513674879
}