{
  "mean": {
    "entropy_mean": 3.0861575416431166,
    "entropy_std": 0.44193465960228223,
    "delta_mean": 7.496577363729476,
    "delta_std": 1.5620132241434443,
    "pearson_r": -0.09334966893209604,
    "p_value": 0.09733576371242911
  },
  "ci95": {
    "entropy_mean": 0.12077499364184127,
    "entropy_std": 0.042916070810265834,
    "delta_mean": 0.2561205667021481,
    "delta_std": 0.1453556795141318,
    "pearson_r": 0.2094513362315624,
    "p_value": 0.09544831194245475
  }
}