{
  "mean": {
    "entropy_mean": 4.228296434514221,
    "entropy_std": 0.33745663902167783,
    "delta_mean": 16.268217722654345,
    "delta_std": 3.8779660328090886,
    "pearson_r": 0.019018930545635082,
    "p_value": 7.758937062888746e-05
  },
  "ci95": {
    "entropy_mean": 0.5359021348359051,
    "entropy_std": 0.2848346388949889,
    "delta_mean": 0.7448351798914133,
    "delta_std": 0.3114673673522449,
    "pearson_r": 0.3459030201533058,
    "p_value": 0.00014890093111753197
  }
}