{
  "entropy_mean": 1.3721331149456437,
  "entropy_std": 0.1322284810752123,
  "delta_mean": 9.820478800932566,
  "delta_std": 2.0092264802146245,
  "pearson_r": -0.7522800734715628,
  "p_value": 1.3100050743713347e-28
}