{
  "mean": {
    "entropy_mean": 4.069783687813915,
    "entropy_std": 0.04381128709170406,
    "delta_mean": 2.22220563445259,
    "delta_std": 0.04175057110886062,
    "pearson_r": -0.07368658996901803,
    "p_value": 0.41789536278015704
  },
  "ci95": {
    "entropy_mean": 0.010381408313351315,
    "entropy_std": 0.014771987367206993,
    "delta_mean": 0.001755692985205074,
    "delta_std": 0.0009139138497422825,
    "pearson_r": 0.05032904774470787,
    "p_value": 0.22408419241590766
  }
}