{
  "entropy_mean": 3.1236135591556926,
  "entropy_std": 0.2749660446253855,
  "delta_mean": 1.1228084408458154,
  "delta_std": 0.022078887304521556,
  "pearson_r": 0.16235524181269173,
  "p_value": 0.02195783346768798
}