{
  "entropy_mean": 3.5717656472053063,
  "entropy_std": 0.3364276969978113,
  "delta_mean": 0.2857652923675499,
  "delta_std": 0.01088818005221675,
  "pearson_r": 0.11286602442670192,
  "p_value": 0.2660096763029084
}