{
  "entropy_mean": 3.434359390986815,
  "entropy_std": 0.10033592005509846,
  "delta_mean": 2.1067736995220185,
  "delta_std": 0.028845826713191667,
  "pearson_r": -0.01763417524645561,
  "p_value": 0.5775360109988985
}