{
  "entropy_mean": 4.759378925021263,
  "entropy_std": 0.0518003399174786,
  "delta_mean": 1.5417604871730708,
  "delta_std": 0.040697742326492925,
  "pearson_r": -0.09667149280942484,
  "p_value": 0.1743647686360889
}