{
  "entropy_mean": 4.11687724440159,
  "entropy_std": 0.06827898360174701,
  "delta_mean": 1.1235495480624111,
  "delta_std": 0.022470800230489568,
  "pearson_r": -0.1580627582231581,
  "p_value": 0.11815353914965941
}