{
  "entropy_mean": 3.9415389821278963,
  "entropy_std": 0.08064109299763834,
  "delta_mean": 1.13548829820421,
  "delta_std": 0.022871005894135994,
  "pearson_r": 0.08425407619546815,
  "p_value": 0.4070216060079372
}