{
  "entropy_mean": 1.6452805432824782,
  "entropy_std": 0.06078955216294487,
  "delta_mean": 15.901388360659281,
  "delta_std": 3.7262282587229345,
  "pearson_r": 0.19398403941874381,
  "p_value": 0.017379724893291367
}