{
  "entropy_mean": 1.5616397511920757,
  "entropy_std": 0.08748482825115356,
  "delta_mean": 21.61765364011129,
  "delta_std": 5.577569343670338,
  "pearson_r": 0.41989197769889147,
  "p_value": 8.848482876055717e-08
}