{
  "entropy_mean": 4.75258353017689,
  "entropy_std": 0.03657751843620372,
  "delta_mean": 1.5330497652593285,
  "delta_std": 0.03950863442358415,
  "pearson_r": -0.07092687869736226,
  "p_value": 0.4854085294414503
}