{
  "entropy_mean": 3.4243623121230793,
  "entropy_std": 0.07313187986050664,
  "delta_mean": 1.1646107882261276,
  "delta_std": 0.016715372306924162,
  "pearson_r": 0.13174111227311602,
  "p_value": 0.15148505117142153
}