{
  "entropy_mean": 4.52930259875586,
  "entropy_std": 0.254503737656186,
  "delta_mean": 10.443663052717845,
  "delta_std": 2.4468756199044672,
  "pearson_r": 0.3510679205651246,
  "p_value": 1.0590797340578598e-05
}