{
  "entropy_mean": 4.755701858192992,
  "entropy_std": 0.02736524358606353,
  "delta_mean": 15.810057071844737,
  "delta_std": 3.142996069337199,
  "pearson_r": 0.16822867361782365,
  "p_value": 0.003472354451052745
}