{
  "entropy_mean": 4.747028794650436,
  "entropy_std": 0.06832022629803138,
  "delta_mean": 14.389847198327383,
  "delta_std": 4.2347714268525305,
  "pearson_r": 0.3951194898745706,
  "p_value": 5.619328452921734e-07
}