{
  "entropy_mean": 4.659680916026369,
  "entropy_std": 0.137111743925387,
  "delta_mean": 0.7827065159576108,
  "delta_std": 0.021042524685078553,
  "pearson_r": 0.08916992431345697,
  "p_value": 0.3801001904629564
}