{
  "entropy_mean": 4.748883235263714,
  "entropy_std": 0.035535152722547196,
  "delta_mean": 1.5328798571018258,
  "delta_std": 0.037500194526068294,
  "pearson_r": 0.05586182800267497,
  "p_value": 0.5828762490753313
}