{
  "entropy_mean": 4.753882037689893,
  "entropy_std": 0.028541310159381748,
  "delta_mean": 14.154388839403788,
  "delta_std": 3.2104182165833697,
  "pearson_r": 0.23906004818454935,
  "p_value": 0.003216787214307545
}