{
  "entropy_mean": 1.6467848335296695,
  "entropy_std": 0.13240148433953502,
  "delta_mean": 12.826608829100927,
  "delta_std": 3.1646716535746524,
  "pearson_r": 0.24756155707549377,
  "p_value": 1.4398163696985475e-05
}