{
  "entropy_mean": 4.081682332621103,
  "entropy_std": 0.04151948414350616,
  "delta_mean": 2.2198694691513525,
  "delta_std": 0.03689438825812798,
  "pearson_r": 0.08039626430513011,
  "p_value": 0.4289118567944311
}