{
  "entropy_mean": 4.14439916674373,
  "entropy_std": 0.03831163633235899,
  "delta_mean": 1.1271067522278981,
  "delta_std": 0.022242501469066898,
  "pearson_r": -0.05956122442880022,
  "p_value": 0.40334416162593684
}