{
  "entropy_mean": 4.732071057224544,
  "entropy_std": 0.10933521116032904,
  "delta_mean": 14.6542933122317,
  "delta_std": 3.516376638858472,
  "pearson_r": 0.24920940881736772,
  "p_value": 0.002102788041590102
}