{
  "entropy_mean": 4.062743975727577,
  "entropy_std": 0.02649426238545279,
  "delta_mean": 2.2289840228593527,
  "delta_std": 0.043311996939521896,
  "pearson_r": 0.027831637730994715,
  "p_value": 0.6963769413649623
}