{
  "entropy_mean": 4.059974533304394,
  "entropy_std": 0.059370815773571776,
  "delta_mean": 2.2219947106910474,
  "delta_std": 0.04285016077465486,
  "pearson_r": -0.1475968845764028,
  "p_value": 0.1448633849586011
}