{
  "entropy_mean": 4.729823678496532,
  "entropy_std": 0.06614470741227077,
  "delta_mean": 13.295047314167023,
  "delta_std": 2.8250773556288653,
  "pearson_r": 0.33481522369578987,
  "p_value": 2.8161102682743598e-05
}