{
  "entropy_mean": 4.057392389693725,
  "entropy_std": 0.05932432417743903,
  "delta_mean": 2.2280152542422518,
  "delta_std": 0.04387055339943116,
  "pearson_r": -0.12592624662205285,
  "p_value": 0.21424087178393844
}