{
  "entropy_mean": 4.594422029179963,
  "entropy_std": 0.11922352868132799,
  "delta_mean": 0.776138525811871,
  "delta_std": 0.02275483444114331,
  "pearson_r": -0.0054296002108508365,
  "p_value": 0.9393300069501888
}