{
  "entropy_mean": 1.4911802943214962,
  "entropy_std": 0.06384805018461698,
  "delta_mean": 12.198033418258031,
  "delta_std": 1.7871933438628347,
  "pearson_r": -0.7506967451073475,
  "p_value": 1.3765153105246188e-55
}