{
  "entropy_mean": 4.099087027747217,
  "entropy_std": 0.15362423406778516,
  "delta_mean": 0.4052711972082504,
  "delta_std": 0.012307961486644203,
  "pearson_r": 0.050589374415441896,
  "p_value": 0.6189889529489104
}