{
  "entropy_mean": 1.630367824007825,
  "entropy_std": 0.07467176701431748,
  "delta_mean": 17.20238686800003,
  "delta_std": 4.057560065689714,
  "pearson_r": 0.4930568787876429,
  "p_value": 8.779634201481008e-20
}