{
  "entropy_mean": 3.738377041613543,
  "entropy_std": 0.3994894472021517,
  "delta_mean": 6.597698928515117,
  "delta_std": 1.3298232775744057,
  "pearson_r": 0.49723285278626494,
  "p_value": 9.63085570684884e-11
}