{
  "entropy_mean": 3.549015911419622,
  "entropy_std": 0.32878316882964903,
  "delta_mean": 0.29358211863580064,
  "delta_std": 0.01300570598051803,
  "pearson_r": 0.014579722055326802,
  "p_value": 0.8380507032042831
}