{
  "entropy_mean": 3.5942831466478418,
  "entropy_std": 0.4064587940559845,
  "delta_mean": 8.091633839607239,
  "delta_std": 2.0808161211260416,
  "pearson_r": -0.03104835534213677,
  "p_value": 0.7060450258802028
}