{
  "entropy_mean": 1.2176382623801263,
  "entropy_std": 0.15756976357589053,
  "delta_mean": 10.762532599767049,
  "delta_std": 1.8527831204455676,
  "pearson_r": -0.5510744830142118,
  "p_value": 2.730069256125868e-13
}