{
  "entropy_mean": 3.444342750623316,
  "entropy_std": 0.08251370600875842,
  "delta_mean": 2.108660689353943,
  "delta_std": 0.031268642732259336,
  "pearson_r": -0.09364672163120578,
  "p_value": 0.003034892150953024
}