{
  "mean": {
    "entropy_mean": 4.407637649320494,
    "entropy_std": 0.23568964101806134,
    "delta_mean": 11.597648031552634,
    "delta_std": 2.5261592213653943,
    "pearson_r": 0.3022213062448328,
    "p_value": 0.0006186291874511954
  },
  "ci95": {
    "entropy_mean": 0.19614349338257286,
    "entropy_std": 0.05015844747065527,
    "delta_mean": 0.7864395112154939,
    "delta_std": 0.3445303883032976,
    "pearson_r": 0.24210565488600708,
    "p_value": 0.0012099327971105505
  }
}