{
  "entropy_mean": 4.663561726190964,
  "entropy_std": 0.18158365062782342,
  "delta_mean": 14.342106167872746,
  "delta_std": 3.206785208826013,
  "pearson_r": 0.55979156901904,
  "p_value": 3.8489165899416073e-26
}