{
  "entropy_mean": 1.5255887476884704,
  "entropy_std": 0.09003247600648842,
  "delta_mean": 10.850369560321171,
  "delta_std": 1.696844669575467,
  "pearson_r": -0.24637361582471234,
  "p_value": 1.5872552618723625e-05
}