{
  "entropy_mean": 4.754543191193898,
  "entropy_std": 0.023898085520320942,
  "delta_mean": 1.5427508491966593,
  "delta_std": 0.04243015750301888,
  "pearson_r": 0.1285962013346362,
  "p_value": 0.0702697508407208
}