{
  "entropy_mean": 4.083269820579366,
  "entropy_std": 0.03278379872325818,
  "delta_mean": 2.2231897001889482,
  "delta_std": 0.0387573778713367,
  "pearson_r": -0.009667391774377102,
  "p_value": 0.8922012314941471
}