{
  "mean": {
    "entropy_mean": 4.59855061996919,
    "entropy_std": 0.12442544697137525,
    "delta_mean": 1.5411207402595366,
    "delta_std": 0.04146305673372385,
    "pearson_r": -0.04983772283694578,
    "p_value": 0.5466102119071985
  },
  "ci95": {
    "entropy_mean": 0.298821831438688,
    "entropy_std": 0.1483623090429203,
    "delta_mean": 0.0023512304388770655,
    "delta_std": 0.002039868198765139,
    "pearson_r": 0.04881060641931137,
    "p_value": 0.18211805041467133
  }
}