{
  "mean": {
    "entropy_mean": 4.72250213482071,
    "entropy_std": 0.0662782578860227,
    "delta_mean": 1.5389863138821858,
    "delta_std": 0.0424080016907153,
    "pearson_r": -0.0041940405141574506,
    "p_value": 0.43734740728561566
  },
  "ci95": {
    "entropy_mean": 0.03645184400213218,
    "entropy_std": 0.04151236425066163,
    "delta_mean": 0.00220108748070627,
    "delta_std": 0.0009723115095803949,
    "pearson_r": 0.045294906018859285,
    "p_value": 0.15317069676279357
  }
}