{
  "entropy_mean": 1.578304531759914,
  "entropy_std": 0.07035320316222297,
  "delta_mean": 25.540381445089977,
  "delta_std": 6.088037991166427,
  "pearson_r": 0.3690493510848488,
  "p_value": 4.1152822642445134e-11
}