{
  "entropy_mean": 4.18985898932246,
  "entropy_std": 0.07583194458292895,
  "delta_mean": 0.42078564173043376,
  "delta_std": 0.024095184172058557,
  "pearson_r": -0.08560281578383856,
  "p_value": 0.39952610095536445
}