{
  "entropy_mean": 2.6088729770453,
  "entropy_std": 0.3848435382704245,
  "delta_mean": 6.631865778764089,
  "delta_std": 0.7752459874117984,
  "pearson_r": -0.6633860133515519,
  "p_value": 2.0489606590108956e-39
}