{
  "entropy_mean": 1.7211681550779592,
  "entropy_std": 0.04598851244512823,
  "delta_mean": 11.663140014012654,
  "delta_std": 2.2251026691570606,
  "pearson_r": 0.24239823959407472,
  "p_value": 2.191775240965616e-05
}