{
  "entropy_mean": 1.619340272009506,
  "entropy_std": 0.04639734159441574,
  "delta_mean": 15.175977485974629,
  "delta_std": 3.4043876343784625,
  "pearson_r": 0.23026459318272224,
  "p_value": 0.004586048309413688
}