{
  "entropy_mean": 4.034605266376313,
  "entropy_std": 0.09065031737533218,
  "delta_mean": 2.220927245689161,
  "delta_std": 0.037626998542396435,
  "pearson_r": -0.14327671493617558,
  "p_value": 0.15712981428244258
}