{
  "entropy_mean": 4.063278239860143,
  "entropy_std": 0.019424122503152345,
  "delta_mean": 2.2306560699385827,
  "delta_std": 0.04364212985029614,
  "pearson_r": 0.06075259116357264,
  "p_value": 0.5502698676422413
}