{
  "entropy_mean": 3.7419079328654306,
  "entropy_std": 0.3815695268792004,
  "delta_mean": 6.930770465532938,
  "delta_std": 1.3748405160974,
  "pearson_r": 0.23789325958785593,
  "p_value": 0.003374201875647947
}