{
  "entropy_mean": 4.294327972855498,
  "entropy_std": 0.19719667713874706,
  "delta_mean": 11.347211346626281,
  "delta_std": 1.8799977707087345,
  "pearson_r": -0.7204170309533073,
  "p_value": 2.7197998577921726e-25
}