{
  "entropy_mean": 1.565768519067493,
  "entropy_std": 0.1483553660300767,
  "delta_mean": 17.465879616737364,
  "delta_std": 4.2925643121183565,
  "pearson_r": 0.4801861908380711,
  "p_value": 1.0394743471977623e-18
}