{
  "entropy_mean": 4.744523504659519,
  "entropy_std": 0.07864614477877867,
  "delta_mean": 13.966203052997589,
  "delta_std": 3.5325651778722724,
  "pearson_r": 0.31373135496332244,
  "p_value": 9.25114442572125e-05
}