{
  "entropy_mean": 4.062962406436261,
  "entropy_std": 0.029339258931183852,
  "delta_mean": 2.2254269339821557,
  "delta_std": 0.04232348159428582,
  "pearson_r": -0.016898382059925544,
  "p_value": 0.868146529265161
}