{
  "entropy_mean": 4.6461430897901925,
  "entropy_std": 0.09729606978037304,
  "delta_mean": 0.7774569374142271,
  "delta_std": 0.023515774270385387,
  "pearson_r": -0.0010523451568516988,
  "p_value": 0.9917518371983277
}