{
  "mean": {
    "entropy_mean": 4.666144658319619,
    "entropy_std": 0.14664282267858983,
    "delta_mean": 0.7786485185526839,
    "delta_std": 0.021858427045947537,
    "pearson_r": -0.05320583191931906,
    "p_value": 0.3379171095728159
  },
  "ci95": {
    "entropy_mean": 0.012993937455606662,
    "entropy_std": 0.024650429826669602,
    "delta_mean": 0.00230292325440389,
    "delta_std": 0.0012893802483918426,
    "pearson_r": 0.08274216213204791,
    "p_value": 0.20928358961953422
  }
}