{
  "entropy_mean": 3.400406376474274,
  "entropy_std": 0.09029998776293892,
  "delta_mean": 2.505199274365107,
  "delta_std": 0.037130107784643145,
  "pearson_r": -0.013722577042405273,
  "p_value": 0.4201361608257127
}