{
  "pearson_r": 0.04855114773210947,
  "p_value": 0.12495421539550672,
  "spearman_r": 0.02866228674827361,
  "spearman_p": 0.36523578464259954,
  "entropy_mean": 3.439035848589918,
  "entropy_std": 0.09370027966784156,
  "delta_mean": 2.7655308141708375,
  "delta_std": 0.03126928768953216,
  "entropy_slope": -0.00012566700415462582,
  "entropy_range": 0.41051791792082026
}