{
  "entropy_mean": 4.088761288246733,
  "entropy_std": 0.16985864504123013,
  "delta_mean": 0.41345514768931135,
  "delta_std": 0.012877463970285411,
  "pearson_r": -0.061914429235975614,
  "p_value": 0.38498817078570924
}