{
  "entropy_mean": 3.576287049631681,
  "entropy_std": 0.33554448809744436,
  "delta_mean": 0.29637323033930074,
  "delta_std": 0.018297730206811944,
  "pearson_r": 0.3879825287062948,
  "p_value": 7.249319255191767e-05
}