{
  "entropy_mean": 3.367405622701359,
  "entropy_std": 0.08336498061654224,
  "delta_mean": 1.7014624615510305,
  "delta_std": 0.03787246846681231,
  "pearson_r": 0.017318233247623147,
  "p_value": 0.8510803838511071
}