{
  "entropy_mean": 4.066642455049436,
  "entropy_std": 0.030771205622684705,
  "delta_mean": 2.2262496587001914,
  "delta_std": 0.04417864596756577,
  "pearson_r": -0.005195318630003618,
  "p_value": 0.9592963598880624
}