{
  "entropy_mean": 4.644202987787146,
  "entropy_std": 0.10967736607336392,
  "delta_mean": 11.207754499912262,
  "delta_std": 2.448435868069483,
  "pearson_r": 0.2015818583448212,
  "p_value": 0.0004429852462154121
}