{
  "mean": {
    "entropy_mean": 3.188804548600871,
    "entropy_std": 0.42802147885989406,
    "delta_mean": 8.543927286108337,
    "delta_std": 1.7078522233920297,
    "pearson_r": 0.2185192593199833,
    "p_value": 0.05522187424001814
  },
  "ci95": {
    "entropy_mean": 0.1254532298602133,
    "entropy_std": 0.02962565355230552,
    "delta_mean": 0.36092020420544796,
    "delta_std": 0.21656926155572445,
    "pearson_r": 0.15859253638561505,
    "p_value": 0.07671510087868587
  }
}