{
  "entropy_mean": 1.6269076399304787,
  "entropy_std": 0.05330973967316006,
  "delta_mean": 14.737583103179931,
  "delta_std": 3.4587515693292574,
  "pearson_r": 0.36400841488634794,
  "p_value": 4.672777907139514e-06
}