{
  "entropy_mean": 4.1188255274277585,
  "entropy_std": 0.0792611551073869,
  "delta_mean": 1.121891261351229,
  "delta_std": 0.022447708246240684,
  "pearson_r": -0.03553466138963326,
  "p_value": 0.7269501482279763
}