{
  "entropy_mean": 4.10665639018722,
  "entropy_std": 0.07294716531929302,
  "delta_mean": 1.123139024984957,
  "delta_std": 0.02301018683320082,
  "pearson_r": -0.30551251073224756,
  "p_value": 0.002104455552878991
}