{
  "entropy_mean": 4.627710387684423,
  "entropy_std": 0.2500975728177196,
  "delta_mean": 11.548045702377955,
  "delta_std": 2.5893770992829577,
  "pearson_r": 0.4165403971410211,
  "p_value": 5.092029914281892e-14
}