{
  "entropy_mean": 4.078360414525358,
  "entropy_std": 0.024316300953457805,
  "delta_mean": 2.227000761513758,
  "delta_std": 0.04064986525870528,
  "pearson_r": 0.066810180479391,
  "p_value": 0.5111519296177227
}