{
  "entropy_mean": 3.716474007295081,
  "entropy_std": 0.3106927386989137,
  "delta_mean": 0.2815655605359511,
  "delta_std": 0.014604159858698548,
  "pearson_r": 0.12904439720258912,
  "p_value": 0.20301847400928408
}