{
  "entropy_mean": 4.755806317272,
  "entropy_std": 0.028210294144342462,
  "delta_mean": 1.5384622105401964,
  "delta_std": 0.04038904924843524,
  "pearson_r": 0.09298619090622451,
  "p_value": 0.19145047014292824
}