{
  "entropy_mean": 1.6047469550287232,
  "entropy_std": 0.12234312673614815,
  "delta_mean": 17.93257852077484,
  "delta_std": 4.478687926088268,
  "pearson_r": 0.38882892252911194,
  "p_value": 2.8830266291599573e-12
}