{
  "entropy_mean": 1.6320777161661923,
  "entropy_std": 0.15339547463172895,
  "delta_mean": 11.659557949701945,
  "delta_std": 2.2148884046957114,
  "pearson_r": 0.5748676761581445,
  "p_value": 1.4377117046183713e-14
}