{
  "entropy_mean": 1.5819584553057033,
  "entropy_std": 0.029027925377044704,
  "delta_mean": 24.0143044145902,
  "delta_std": 5.122156238168055,
  "pearson_r": 0.24859945732452332,
  "p_value": 1.3217257052757676e-05
}