{
  "entropy_mean": 4.75442615420263,
  "entropy_std": 0.04492479814283712,
  "delta_mean": 1.5464770227971703,
  "delta_std": 0.039945861623047925,
  "pearson_r": -0.03654137624631963,
  "p_value": 0.719531880599671
}