{
  "entropy_mean": 4.127329470648649,
  "entropy_std": 0.019608338146977274,
  "delta_mean": 1.1280276655551775,
  "delta_std": 0.02525730819407592,
  "pearson_r": -0.1099992042122594,
  "p_value": 0.12194729499686618
}