{
  "entropy_mean": 4.059396612085881,
  "entropy_std": 0.04571142175802455,
  "delta_mean": 2.2278375374012858,
  "delta_std": 0.040636386028642696,
  "pearson_r": 0.10265796709276395,
  "p_value": 0.14905971571294466
}