{
  "entropy_mean": 1.4930356559897102,
  "entropy_std": 0.18783663557664954,
  "delta_mean": 14.998063614765803,
  "delta_std": 3.52363275574291,
  "pearson_r": 0.6362224323635648,
  "p_value": 1.9311476427413446e-35
}