{
  "entropy_mean": 4.052762287780749,
  "entropy_std": 0.06873671887667109,
  "delta_mean": 2.217678137161025,
  "delta_std": 0.040928222333584334,
  "pearson_r": -0.11834866864168825,
  "p_value": 0.09594224756837445
}