{
  "entropy_mean": 4.672354974362767,
  "entropy_std": 0.11641403800801718,
  "delta_mean": 0.7808484603660275,
  "delta_std": 0.02443829567436882,
  "pearson_r": -0.19729605604456568,
  "p_value": 0.05029748626127798
}