{
  "entropy_mean": 4.75597960406714,
  "entropy_std": 0.024552135027576187,
  "delta_mean": 1.5432774502821642,
  "delta_std": 0.0412117676843756,
  "pearson_r": 0.14213370138732923,
  "p_value": 0.16050128022814733
}