{
  "entropy_mean": 2.9960669320689974,
  "entropy_std": 0.41422004137048785,
  "delta_mean": 0.2999016850283652,
  "delta_std": 0.02210141430783421,
  "pearson_r": 0.24152987392807992,
  "p_value": 0.016020706619448193
}