{
  "entropy_mean": 3.789992496917746,
  "entropy_std": 0.23612866098403004,
  "delta_mean": 0.2878719114478509,
  "delta_std": 0.011407985977948917,
  "pearson_r": 0.17433911146531117,
  "p_value": 0.01378749837780145
}