{
  "entropy_mean": 3.439035848589918,
  "entropy_std": 0.09370027966784156,
  "delta_mean": 2.7655308141708375,
  "delta_std": 0.03126928768953216,
  "pearson_r": 0.04855114773210947,
  "p_value": 0.12495421539550672
}