{
  "entropy_mean": 4.0593328824054575,
  "entropy_std": 0.05282621443724218,
  "delta_mean": 2.2262552097590285,
  "delta_std": 0.040879432699947406,
  "pearson_r": 0.17574070869787684,
  "p_value": 0.08186613680870583
}