{
  "entropy_mean": 3.1439820785593984,
  "entropy_std": 0.6423310666914959,
  "delta_mean": 7.789595330556233,
  "delta_std": 1.5893707176279768,
  "pearson_r": -0.2308733929334233,
  "p_value": 0.004476667361958588
}