{
  "entropy_mean": 4.5518573090683505,
  "entropy_std": 0.13927685991917513,
  "delta_mean": 0.7818390978640647,
  "delta_std": 0.02184317886399112,
  "pearson_r": -0.011066532215315224,
  "p_value": 0.8767157220298399
}