{
  "entropy_mean": 4.086989577209335,
  "entropy_std": 0.0290166871004083,
  "delta_mean": 2.2253960784356197,
  "delta_std": 0.043314500570702776,
  "pearson_r": 0.026591355019096805,
  "p_value": 0.7092823691021574
}