{
  "entropy_mean": 4.1022463392476585,
  "entropy_std": 0.05752482639495886,
  "delta_mean": 1.1313417850427292,
  "delta_std": 0.024124861602767916,
  "pearson_r": -0.15342370074765982,
  "p_value": 0.030502837978849857
}