{
  "entropy_mean": 1.323737556226636,
  "entropy_std": 0.11036002413848457,
  "delta_mean": 13.997389019330342,
  "delta_std": 2.410586495628722,
  "pearson_r": -0.7128724361182179,
  "p_value": 1.4239608444253626e-24
}