{
  "entropy_mean": 4.127588653635139,
  "entropy_std": 0.04573057769656892,
  "delta_mean": 1.1194752984576755,
  "delta_std": 0.020357560157519262,
  "pearson_r": -0.07136646697196392,
  "p_value": 0.48270104133666963
}