{
  "entropy_mean": 4.122483145154047,
  "entropy_std": 0.04763794961209977,
  "delta_mean": 1.1191280225310662,
  "delta_std": 0.018755239478360143,
  "pearson_r": -0.02570187939231086,
  "p_value": 0.8006357976492048
}