{
  "mean": {
    "entropy_mean": 1.5821640085125304,
    "entropy_std": 0.036859613917212916,
    "delta_mean": 24.142882027149202,
    "delta_std": 5.775146166431813,
    "pearson_r": 0.2046246595296506,
    "p_value": 0.14669119166799724
  },
  "ci95": {
    "entropy_mean": 0.00227441552062142,
    "entropy_std": 0.009660832746899366,
    "delta_mean": 0.6869179380965422,
    "delta_std": 0.4445219793534212,
    "pearson_r": 0.07542002052961935,
    "p_value": 0.19366052908734555
  }
}