{
  "entropy_mean": 4.0709220613793775,
  "entropy_std": 0.12089191667499316,
  "delta_mean": 1.1252962812107412,
  "delta_std": 0.02306914755072401,
  "pearson_r": -0.04134438631121092,
  "p_value": 0.562043985727719
}