{
  "mean": {
    "entropy_mean": 1.6290347500713058,
    "entropy_std": 0.14295066639976958,
    "delta_mean": 11.37803390447299,
    "delta_std": 2.425670561164553,
    "pearson_r": 0.23190062134334383,
    "p_value": 0.00014415225314758263
  },
  "ci95": {
    "entropy_mean": 0.03494535932504768,
    "entropy_std": 0.033880103574336407,
    "delta_mean": 0.6670657802421659,
    "delta_std": 0.3461733273212026,
    "pearson_r": 0.2675132597855644,
    "p_value": 0.0002746670309468328
  }
}