{
  "entropy_mean": 3.8834569535215633,
  "entropy_std": 0.09566628320154386,
  "delta_mean": 0.42080360199465894,
  "delta_std": 0.02196788114738192,
  "pearson_r": 0.07511802285724899,
  "p_value": 0.45992672471555807
}