{
  "entropy_mean": 4.730040248897008,
  "entropy_std": 0.06749908312668362,
  "delta_mean": 17.110432266791662,
  "delta_std": 3.9033855417036616,
  "pearson_r": 0.4927853601406725,
  "p_value": 9.259550104458242e-20
}