{
  "entropy_mean": 1.579143053918283,
  "entropy_std": 0.025980822704696177,
  "delta_mean": 21.46489511648814,
  "delta_std": 4.818517611108422,
  "pearson_r": 0.02995859669543778,
  "p_value": 0.7159112798440306
}