{
  "entropy_mean": 1.539675208521888,
  "entropy_std": 0.25525833771952355,
  "delta_mean": 9.890333806673686,
  "delta_std": 2.1533259652366556,
  "pearson_r": 0.5230411728883729,
  "p_value": 6.58277090434863e-12
}