{
  "entropy_mean": 1.5154999943113652,
  "entropy_std": 0.0991529069348848,
  "delta_mean": 11.504077056248983,
  "delta_std": 2.368485326279801,
  "pearson_r": -0.6514927528058622,
  "p_value": 1.757404068649953e-19
}