{
  "entropy_mean": 4.094135863471106,
  "entropy_std": 0.06397789293739593,
  "delta_mean": 1.1303137119370277,
  "delta_std": 0.021989641795568313,
  "pearson_r": 0.04445375842688442,
  "p_value": 0.6621780858925157
}