{
  "entropy_mean": 4.681553269665918,
  "entropy_std": 0.13349284397561295,
  "delta_mean": 14.875352485179901,
  "delta_std": 3.7527227736761346,
  "pearson_r": 0.5976064928454233,
  "p_value": 1.974606358525585e-30
}