{
  "entropy_mean": 1.6759890516715847,
  "entropy_std": 0.10894955874947251,
  "delta_mean": 12.811765299240749,
  "delta_std": 2.4383678203362114,
  "pearson_r": 0.4742654388808767,
  "p_value": 3.13027219774392e-18
}