{
  "entropy_mean": 4.683610418996034,
  "entropy_std": 0.17526248495114558,
  "delta_mean": 10.525383360783259,
  "delta_std": 2.1567923427591924,
  "pearson_r": 0.3661115585542433,
  "p_value": 6.015976911451167e-11
}