{
  "mean": {
    "entropy_mean": 4.6773644780816825,
    "entropy_std": 0.10863724774520367,
    "delta_mean": 0.7779077659599745,
    "delta_std": 0.0218387009899579,
    "pearson_r": -0.045593007757136546,
    "p_value": 0.3349558202299167
  },
  "ci95": {
    "entropy_mean": 0.009700414795343152,
    "entropy_std": 0.017259333073117562,
    "delta_mean": 0.0016920818854263707,
    "delta_std": 0.0008266990901159507,
    "pearson_r": 0.06561653521439154,
    "p_value": 0.2207008784181535
  }
}