{
  "entropy_mean": 4.589590327873304,
  "entropy_std": 0.1441997032463178,
  "delta_mean": 0.7784440896727822,
  "delta_std": 0.022689341796713156,
  "pearson_r": -0.09989628478110586,
  "p_value": 0.32521603427418405
}