{
  "entropy_mean": 3.3801159673728858,
  "entropy_std": 0.08490740718330164,
  "delta_mean": 1.7081873645385106,
  "delta_std": 0.038235193591689455,
  "pearson_r": -0.16010545276893973,
  "p_value": 0.08067260900831368
}