{
  "entropy_mean": 4.631236754062562,
  "entropy_std": 0.07923181497330886,
  "delta_mean": 0.7821010836404771,
  "delta_std": 0.021994551985241664,
  "pearson_r": 0.0687264669690705,
  "p_value": 0.3347754700497285
}