{
  "entropy_mean": 4.75005552304559,
  "entropy_std": 0.030445227245314902,
  "delta_mean": 1.5360665483091345,
  "delta_std": 0.041044970653516456,
  "pearson_r": 0.054521989215762096,
  "p_value": 0.44436014611469377
}