{
  "entropy_mean": 3.952934970640809,
  "entropy_std": 0.060336123058585274,
  "delta_mean": 0.42387397301317464,
  "delta_std": 0.014365463767905953,
  "pearson_r": 0.07518121911322205,
  "p_value": 0.45954822438077103
}