{
  "entropy_mean": 4.4056953735015405,
  "entropy_std": 0.36834732633151407,
  "delta_mean": 0.7830630570799861,
  "delta_std": 0.022058249480028557,
  "pearson_r": 0.008907894245579015,
  "p_value": 0.9006247525505886
}