{
  "entropy_mean": 3.668745821421733,
  "entropy_std": 0.4573903680822022,
  "delta_mean": 8.002010203997294,
  "delta_std": 2.383726850960477,
  "pearson_r": 0.39886599068942014,
  "p_value": 6.976890013164123e-13
}