{
  "entropy_mean": 4.514722070356505,
  "entropy_std": 0.23944710171036582,
  "delta_mean": 0.7809205462585143,
  "delta_std": 0.022051159244844278,
  "pearson_r": -0.10834676307207773,
  "p_value": 0.12768906207918967
}