{
  "entropy_mean": 3.9878277970315237,
  "entropy_std": 0.1568472164678553,
  "delta_mean": 1.1288194993529657,
  "delta_std": 0.021315922982649917,
  "pearson_r": -0.1570686635270011,
  "p_value": 0.12051410981098429
}