{
  "entropy_mean": 4.751096998791525,
  "entropy_std": 0.035937706941611,
  "delta_mean": 1.5364150061751858,
  "delta_std": 0.03690855471542297,
  "pearson_r": 0.10488235368284819,
  "p_value": 0.30152646448470455
}