{
  "entropy_mean": 4.09680110585158,
  "entropy_std": 0.1398800006002267,
  "delta_mean": 0.4107530203895952,
  "delta_std": 0.012650535010945079,
  "pearson_r": -0.18676470138174117,
  "p_value": 0.008258252392554876
}