{
  "entropy_mean": 1.1976693576739494,
  "entropy_std": 0.10608368287834159,
  "delta_mean": 13.500272698402405,
  "delta_std": 2.978046578980181,
  "pearson_r": -0.42916904739483835,
  "p_value": 4.2578169698056604e-08
}