{
  "entropy_mean": 1.6259887094153835,
  "entropy_std": 0.09800087229363033,
  "delta_mean": 16.162396155993143,
  "delta_std": 3.8878378433935494,
  "pearson_r": 0.5306758717049311,
  "p_value": 2.8477363965747865e-12
}