{
  "entropy_mean": 1.6368136075931725,
  "entropy_std": 0.09735942539729568,
  "delta_mean": 19.333730296293894,
  "delta_std": 4.3641346062155355,
  "pearson_r": 0.47619911123791714,
  "p_value": 2.188966836171212e-18
}