{
  "entropy_mean": 4.121008496616272,
  "entropy_std": 0.17336626492748822,
  "delta_mean": 0.4144570619770975,
  "delta_std": 0.016554544274581546,
  "pearson_r": 0.05145529956157926,
  "p_value": 0.612992243958074
}