{
  "entropy_mean": 4.608978097735078,
  "entropy_std": 0.2716136884666568,
  "delta_mean": 10.166603604952494,
  "delta_std": 2.5179892139306865,
  "pearson_r": 0.39933384818192835,
  "p_value": 4.1462011637830444e-07
}