{
  "entropy_mean": 1.1293183138165195,
  "entropy_std": 0.3516096912248725,
  "delta_mean": 10.099989682038625,
  "delta_std": 1.7954463433734524,
  "pearson_r": -0.1535073941172755,
  "p_value": 0.060726985787954296
}