{
  "entropy_mean": 3.668738004570433,
  "entropy_std": 0.4047758044477584,
  "delta_mean": 0.2831132740083367,
  "delta_std": 0.014403109169699033,
  "pearson_r": -0.058079222162023915,
  "p_value": 0.5679833088534011
}