{
  "entropy_mean": 1.6601683395471287,
  "entropy_std": 0.1550573737786238,
  "delta_mean": 11.094489511648813,
  "delta_std": 2.2440435458547476,
  "pearson_r": 0.3074675845277619,
  "p_value": 0.00012954175317223885
}