{
  "mean": {
    "entropy_mean": 1.480705467748343,
    "entropy_std": 0.1538388513621367,
    "delta_mean": 12.00075806971391,
    "delta_std": 2.290153135650415,
    "pearson_r": 0.03174034847779484,
    "p_value": 7.840428057247902e-05
  },
  "ci95": {
    "entropy_mean": 0.13547318844945372,
    "entropy_std": 0.04578303595797668,
    "delta_mean": 0.593556742475131,
    "delta_std": 0.32465956190294526,
    "pearson_r": 0.29357114210935487,
    "p_value": 9.16628212633208e-05
  }
}