{
  "entropy_mean": 4.668679231072888,
  "entropy_std": 0.11830894392764718,
  "delta_mean": 12.175653628110886,
  "delta_std": 2.873398874809327,
  "pearson_r": 0.1877153871193179,
  "p_value": 0.0010875484953687417
}