{
  "entropy_mean": 3.9538888824287954,
  "entropy_std": 0.21348024315520417,
  "delta_mean": 0.28020128667654104,
  "delta_std": 0.010839673275733114,
  "pearson_r": 0.13474962635102167,
  "p_value": 0.05775327430602058
}