{
  "entropy_mean": 4.702367007550809,
  "entropy_std": 0.09001398291300079,
  "delta_mean": 0.7759089544789874,
  "delta_std": 0.019811195147163473,
  "pearson_r": -0.06717286512668602,
  "p_value": 0.3458417222392877
}