{
  "entropy_mean": 3.4153758024559275,
  "entropy_std": 0.07641510516571182,
  "delta_mean": 1.1619546373685201,
  "delta_std": 0.026090031621852028,
  "pearson_r": 0.3599625878502895,
  "p_value": 5.387608870977334e-05
}