{
  "mean": {
    "entropy_mean": 3.660852035816307,
    "entropy_std": 0.4715495437493388,
    "delta_mean": 6.9923394318421686,
    "delta_std": 1.7015933687445113,
    "pearson_r": 0.24189923737713298,
    "p_value": 0.08877775416839356
  },
  "ci95": {
    "entropy_mean": 0.1072096174167641,
    "entropy_std": 0.056756885919090005,
    "delta_mean": 0.1351346652329903,
    "delta_std": 0.2158904187005856,
    "pearson_r": 0.0827275272940891,
    "p_value": 0.10772660660956518
  }
}