{
  "entropy_mean": 4.755617742971012,
  "entropy_std": 0.032970267151478196,
  "delta_mean": 1.5353891464194867,
  "delta_std": 0.03845532284044122,
  "pearson_r": -0.040692863217206054,
  "p_value": 0.689221027264521
}