{
  "entropy_mean": 4.664261643304891,
  "entropy_std": 0.1325578071426164,
  "delta_mean": 12.10061685482661,
  "delta_std": 2.861443761594621,
  "pearson_r": 0.25415919019846195,
  "p_value": 8.303922425278552e-06
}