{
  "mean": {
    "entropy_mean": 4.021908068077374,
    "entropy_std": 0.13524292124681808,
    "delta_mean": 0.42432374003245005,
    "delta_std": 0.017112235886506223,
    "pearson_r": 0.004464042828000475,
    "p_value": 0.3099319641754223
  },
  "ci95": {
    "entropy_mean": 0.07517707928896693,
    "entropy_std": 0.032510795785412945,
    "delta_mean": 0.004462451623414314,
    "delta_std": 0.00238439183992666,
    "pearson_r": 0.08564288455306683,
    "p_value": 0.18233536451254073
  }
}