{
  "entropy_mean": 4.692796698389247,
  "entropy_std": 0.10826446571788459,
  "delta_mean": 14.570810782114664,
  "delta_std": 3.951779088537306,
  "pearson_r": 0.6468149883296207,
  "p_value": 3.848061199873819e-19
}