{
  "entropy_mean": 4.678331404540707,
  "entropy_std": 0.08583015251216602,
  "delta_mean": 0.776800546514329,
  "delta_std": 0.023351317177622816,
  "pearson_r": -0.14285201541864484,
  "p_value": 0.04413402529291927
}