{
  "entropy_mean": 3.689434215300119,
  "entropy_std": 0.29610195151401314,
  "delta_mean": 0.2844271779659405,
  "delta_std": 0.013784743399192272,
  "pearson_r": 0.049247269660079536,
  "p_value": 0.48971571849563045
}