{
  "entropy_mean": 4.736216788663551,
  "entropy_std": 0.06333103759055937,
  "delta_mean": 15.186526362101237,
  "delta_std": 4.137894190075601,
  "pearson_r": 0.5369934486307698,
  "p_value": 8.271987258287061e-24
}