{
  "entropy_mean": 4.194861772075027,
  "entropy_std": 0.054442075292218686,
  "delta_mean": 0.4195322105333434,
  "delta_std": 0.022734167495004853,
  "pearson_r": -0.09594758428189244,
  "p_value": 0.17762849782584475
}