{
  "entropy_mean": 1.5574631960258094,
  "entropy_std": 0.20511041437141472,
  "delta_mean": 12.228851675192516,
  "delta_std": 2.204414775317901,
  "pearson_r": 0.40913111580005673,
  "p_value": 1.5545875230763245e-13
}