{
  "entropy_mean": 4.109302574496702,
  "entropy_std": 0.06681725122729701,
  "delta_mean": 1.123334375458147,
  "delta_std": 0.02129461470593494,
  "pearson_r": 0.08034040969185077,
  "p_value": 0.2593090485647536
}