{
  "entropy_mean": 3.863915574416487,
  "entropy_std": 0.25739286096181396,
  "delta_mean": 0.2828750799049684,
  "delta_std": 0.015393073611367785,
  "pearson_r": -0.03444025704195092,
  "p_value": 0.6291509033329163
}