{
  "entropy_mean": 4.091400852711677,
  "entropy_std": 0.07753544871082103,
  "delta_mean": 1.1248076624340482,
  "delta_std": 0.018420201078679036,
  "pearson_r": 0.21733363089663324,
  "p_value": 0.030704749528162285
}