{
  "entropy_mean": 4.113007426082587,
  "entropy_std": 0.06769838622960216,
  "delta_mean": 1.1244606216948236,
  "delta_std": 0.022158192019624125,
  "pearson_r": 0.08049547039266897,
  "p_value": 0.25838775972105327
}