{
  "entropy_mean": 4.062205044495281,
  "entropy_std": 0.027289885493196626,
  "delta_mean": 2.224096168824776,
  "delta_std": 0.04226896970558607,
  "pearson_r": 0.06824292962050968,
  "p_value": 0.33819515640382064
}