{
  "entropy_mean": 3.6578961601225988,
  "entropy_std": 0.3210890213734727,
  "delta_mean": 0.28819969595976214,
  "delta_std": 0.012725002121822333,
  "pearson_r": 0.004014898374514873,
  "p_value": 0.9551183177539575
}