{
  "entropy_mean": 3.6531098653810403,
  "entropy_std": 0.3807140031717928,
  "delta_mean": 8.880538495381673,
  "delta_std": 1.0887468881614022,
  "pearson_r": -0.6097273997614594,
  "p_value": 6.264092971198186e-32
}