{
  "entropy_mean": 4.176823675828065,
  "entropy_std": 0.0566479154233587,
  "delta_mean": 0.4011906376390746,
  "delta_std": 0.012913332210058288,
  "pearson_r": -0.20197487522258661,
  "p_value": 0.04498290829184119
}