{
  "entropy_mean": 2.8587413512515005,
  "entropy_std": 0.2714467531786686,
  "delta_mean": 6.182211414972941,
  "delta_std": 1.0054498966455303,
  "pearson_r": -0.6128518856054012,
  "p_value": 7.743412612334035e-17
}