{
  "entropy_mean": 3.444488453575388,
  "entropy_std": 0.08520213447481899,
  "delta_mean": 1.1620276272296906,
  "delta_std": 0.021956319032358847,
  "pearson_r": -0.24898688410341774,
  "p_value": 0.006101185139163574
}