{
  "entropy_mean": 3.4162981627862297,
  "entropy_std": 0.3209389143752591,
  "delta_mean": 8.857088048855463,
  "delta_std": 1.6807554686250845,
  "pearson_r": 0.3605060698786161,
  "p_value": 1.2284268106737192e-10
}