{
  "entropy_mean": 3.4875235770987603,
  "entropy_std": 0.08184063100316881,
  "delta_mean": 1.430210115790367,
  "delta_std": 0.020016461470239395,
  "pearson_r": 0.3005586883860849,
  "p_value": 2.52234343419105e-22
}