{
  "entropy_mean": 3.505857793276348,
  "entropy_std": 0.39431488000673826,
  "delta_mean": 0.295149225779254,
  "delta_std": 0.01370143104090331,
  "pearson_r": -0.02005070357546048,
  "p_value": 0.8438368886920696
}