{
  "entropy_mean": 3.441204624525553,
  "entropy_std": 0.06363322704868078,
  "delta_mean": 1.164058655500412,
  "delta_std": 0.017581218173157057,
  "pearson_r": -0.13546538819943632,
  "p_value": 0.1401518500315911
}