{
  "entropy_mean": 3.594296477044109,
  "entropy_std": 0.3880234258065011,
  "delta_mean": 0.2886073182929646,
  "delta_std": 0.015155875668469295,
  "pearson_r": -0.008687500772896824,
  "p_value": 0.9319884378301567
}