{
  "entropy_mean": 3.94149630102423,
  "entropy_std": 0.2907076278343105,
  "delta_mean": 0.4012861942226563,
  "delta_std": 0.009249786312396955,
  "pearson_r": -0.11013408551932835,
  "p_value": 0.12148760893170468
}