{
  "entropy_mean": 4.659917460499959,
  "entropy_std": 0.17367833024040644,
  "delta_mean": 0.7822405848670845,
  "delta_std": 0.023203588783829172,
  "pearson_r": -0.152403459202742,
  "p_value": 0.03163909058653946
}