{
  "entropy_mean": 3.760749210288065,
  "entropy_std": 0.24678604611728658,
  "delta_mean": 0.2807018588287662,
  "delta_std": 0.013523060834031087,
  "pearson_r": 0.43530644697899273,
  "p_value": 6.703088882304874e-06
}