{
  "entropy_mean": 4.110061473692811,
  "entropy_std": 0.05384612301698152,
  "delta_mean": 1.1210821471621644,
  "delta_std": 0.021912971137902273,
  "pearson_r": -0.2364343356622354,
  "p_value": 0.0007735156837690735
}