{
  "entropy_mean": 4.742938361166879,
  "entropy_std": 0.03954299569747827,
  "delta_mean": 1.5370451669500331,
  "delta_std": 0.04411766558985882,
  "pearson_r": -0.17305140619641554,
  "p_value": 0.0867270980153189
}