{
  "entropy_mean": 1.5606575686216146,
  "entropy_std": 0.06303445196710916,
  "delta_mean": 20.879247120221457,
  "delta_std": 4.841085042830479,
  "pearson_r": 0.4209894713759863,
  "p_value": 8.12423664121884e-08
}