{
  "entropy_mean": 4.630989680325735,
  "entropy_std": 0.2244155718432414,
  "delta_mean": 10.16002142270406,
  "delta_std": 2.4883527085767576,
  "pearson_r": 0.3101513942882228,
  "p_value": 0.0001122434290887475
}