{
  "entropy_mean": 4.044867162415636,
  "entropy_std": 0.21336140594463618,
  "delta_mean": 0.4055044346987599,
  "delta_std": 0.02372948327078763,
  "pearson_r": -0.00619371596825547,
  "p_value": 0.9514829720733841
}