{
  "entropy_mean": 4.112882353090343,
  "entropy_std": 0.034496582756218024,
  "delta_mean": 1.1211892186696806,
  "delta_std": 0.02138397399334245,
  "pearson_r": -0.0048656252590272495,
  "p_value": 0.9456215722134309
}