{
  "entropy_mean": 1.5867456436907392,
  "entropy_std": 0.025382355997509844,
  "delta_mean": 22.987854267756145,
  "delta_std": 4.73323164927694,
  "pearson_r": 0.2234543467367185,
  "p_value": 9.474976365270177e-05
}