{
  "mean": {
    "entropy_mean": 4.020183443906298,
    "entropy_std": 0.12365614022110219,
    "delta_mean": 0.4094130546154089,
    "delta_std": 0.011687637610625634,
    "pearson_r": -0.003372435061258003,
    "p_value": 0.2371169513081909
  },
  "ci95": {
    "entropy_mean": 0.10804333083918961,
    "entropy_std": 0.04478916822706652,
    "delta_mean": 0.004244625722510498,
    "delta_std": 0.0013043499408595045,
    "pearson_r": 0.10999818408150835,
    "p_value": 0.19798582151490443
  }
}