{
  "entropy_mean": 4.060480889929757,
  "entropy_std": 0.03341587762004047,
  "delta_mean": 2.2262653365279688,
  "delta_std": 0.041066562954608365,
  "pearson_r": 0.0135817938527177,
  "p_value": 0.8938556858253863
}