{
  "entropy_mean": 4.750809316719074,
  "entropy_std": 0.03703100923355602,
  "delta_mean": 1.5416159569615064,
  "delta_std": 0.038536644167156825,
  "pearson_r": -0.005059123355421424,
  "p_value": 0.9603625295745797
}