{
  "entropy_mean": 3.415129915534436,
  "entropy_std": 0.07618791008756277,
  "delta_mean": 1.1616228173176448,
  "delta_std": 0.026288734660887138,
  "pearson_r": 0.36332931409967173,
  "p_value": 4.5287770163122515e-05
}