{
  "mean": {
    "entropy_mean": 4.447677345715728,
    "entropy_std": 0.3223007925041717,
    "delta_mean": 9.914216492493946,
    "delta_std": 2.3733094898222737,
    "pearson_r": 0.30902957370411804,
    "p_value": 0.00512356528259448
  },
  "ci95": {
    "entropy_mean": 0.15750647475961352,
    "entropy_std": 0.08891303202110859,
    "delta_mean": 0.30794328519812114,
    "delta_std": 0.19641114431288997,
    "pearson_r": 0.22613385894443222,
    "p_value": 0.01000587473113675
  }
}