{
  "entropy_mean": 1.2516428036996066,
  "entropy_std": 0.1213325707248032,
  "delta_mean": 21.11028486887614,
  "delta_std": 5.02389811640396,
  "pearson_r": -0.8139991072076886,
  "p_value": 9.710569300699897e-37
}