{
  "entropy_mean": 2.8763441267837546,
  "entropy_std": 0.268551809556274,
  "delta_mean": 5.359653179248174,
  "delta_std": 0.7937261581436031,
  "pearson_r": -0.6629453043284438,
  "p_value": 2.3951705377981583e-39
}