{
  "entropy_mean": 4.552467777115758,
  "entropy_std": 0.20327899378736203,
  "delta_mean": 0.7870001485853484,
  "delta_std": 0.022532616443875064,
  "pearson_r": -0.0881862944596543,
  "p_value": 0.3853989511540201
}