{
  "entropy_mean": 3.4188849322510015,
  "entropy_std": 0.09529648953224555,
  "delta_mean": 2.1082582943439485,
  "delta_std": 0.031314657822336146,
  "pearson_r": 0.048497467826164084,
  "p_value": 0.12537238872426373
}