{
  "entropy_mean": 2.721974508272087,
  "entropy_std": 0.270568493458629,
  "delta_mean": 0.3034864673108766,
  "delta_std": 0.022234967721434372,
  "pearson_r": 0.23120481983579982,
  "p_value": 0.021305074328578803
}