{
  "entropy_mean": 3.724835294268246,
  "entropy_std": 0.4033056193708849,
  "delta_mean": 0.29026534069668164,
  "delta_std": 0.014756001402631344,
  "pearson_r": -0.1487151984248467,
  "p_value": 0.14180903730631694
}