{
  "entropy_mean": 4.131116878817728,
  "entropy_std": 0.023360725474751334,
  "delta_mean": 1.1201940823082972,
  "delta_std": 0.023445372565868365,
  "pearson_r": -0.08014931397267605,
  "p_value": 0.43033568846204046
}