{
  "entropy_mean": 3.733345766307288,
  "entropy_std": 0.3186723803614472,
  "delta_mean": 0.2819114920466837,
  "delta_std": 0.015678385963569116,
  "pearson_r": 0.2340041711070224,
  "p_value": 0.019742401886254972
}