{
  "entropy_mean": 4.060739646949534,
  "entropy_std": 0.0378882942870039,
  "delta_mean": 2.2258021566602917,
  "delta_std": 0.04003513599750797,
  "pearson_r": -0.06541438788406728,
  "p_value": 0.520037023521155
}