{
  "entropy_mean": 4.646244172479973,
  "entropy_std": 0.08349809923182042,
  "delta_mean": 0.7751229564149176,
  "delta_std": 0.023262798467473304,
  "pearson_r": -0.01650347365183978,
  "p_value": 0.817035693585625
}