{
  "entropy_mean": 4.425258526063707,
  "entropy_std": 0.27975188956973945,
  "delta_mean": 10.823606409231822,
  "delta_std": 2.630293191121082,
  "pearson_r": 0.5309289215936184,
  "p_value": 2.768736668706695e-12
}