{
  "entropy_mean": 4.650628303354321,
  "entropy_std": 0.19453637525624706,
  "delta_mean": 11.84606567064921,
  "delta_std": 2.6652469036341486,
  "pearson_r": 0.4430003217153412,
  "p_value": 7.505984114360847e-16
}