{
  "entropy_mean": 4.3842163076682095,
  "entropy_std": 0.19972338796217518,
  "delta_mean": 1.1201538121649675,
  "delta_std": 0.03637922403501964,
  "pearson_r": -0.00880402866580283,
  "p_value": 0.8443165493573198
}