{
  "entropy_mean": 1.5598413706783576,
  "entropy_std": 0.0814413960599592,
  "delta_mean": 20.093185280164082,
  "delta_std": 5.111206213032262,
  "pearson_r": 0.41607199271840184,
  "p_value": 1.1883047670147087e-07
}