{
  "entropy_mean": 4.607320557189989,
  "entropy_std": 0.11010638223046029,
  "delta_mean": 0.7777498809978215,
  "delta_std": 0.01899224252677294,
  "pearson_r": -0.1367971861494525,
  "p_value": 0.17695660896465545
}