{
  "entropy_mean": 4.059393791782505,
  "entropy_std": 0.04490969589610452,
  "delta_mean": 2.2248729892711543,
  "delta_std": 0.042291868138531995,
  "pearson_r": -0.09738707590032361,
  "p_value": 0.1711824578301652
}