{
  "entropy_mean": 1.3983493101200026,
  "entropy_std": 0.13226065071939916,
  "delta_mean": 18.583700091044108,
  "delta_std": 4.756311454536721,
  "pearson_r": -0.8717180019618198,
  "p_value": 1.0588715476413226e-47
}