{
  "entropy_mean": 3.487508537818533,
  "entropy_std": 0.08190549171766812,
  "delta_mean": 1.4301948761940002,
  "delta_std": 0.020008644781808884,
  "pearson_r": 0.301677634195043,
  "p_value": 1.736305659075614e-22
}