{
  "mean": {
    "entropy_mean": 3.621470379760568,
    "entropy_std": 0.3201578587460225,
    "delta_mean": 0.28446493588312705,
    "delta_std": 0.013880450649445828,
    "pearson_r": 0.14676093546278268,
    "p_value": 0.2836285255430097
  },
  "ci95": {
    "entropy_mean": 0.1455520795451856,
    "entropy_std": 0.04166571853683652,
    "delta_mean": 0.003917743833543186,
    "delta_std": 0.002389709831765266,
    "pearson_r": 0.0705410738258243,
    "p_value": 0.17660605713064723
  }
}