{
  "entropy_mean": 1.61862550262128,
  "entropy_std": 0.17043862695194686,
  "delta_mean": 11.10869293053945,
  "delta_std": 2.014691200603011,
  "pearson_r": 0.6359087937034738,
  "p_value": 2.1349518263385569e-35
}