{
  "entropy_mean": 1.5083569350492025,
  "entropy_std": 0.11647022574279423,
  "delta_mean": 12.373353266716004,
  "delta_std": 2.238831432665032,
  "pearson_r": -0.5753355742241096,
  "p_value": 1.3535943465068904e-14
}