{
  "entropy_mean": 4.745743745621012,
  "entropy_std": 0.05465628017817558,
  "delta_mean": 13.21661127169927,
  "delta_std": 3.1533010397173826,
  "pearson_r": 0.1532744758034093,
  "p_value": 0.06112388572694364
}