{
  "entropy_mean": 3.49038248989992,
  "entropy_std": 0.08927026016015494,
  "delta_mean": 1.4295042077302933,
  "delta_std": 0.01431468058701435,
  "pearson_r": -0.07521616623721131,
  "p_value": 0.017362517025871323
}