{
  "entropy_mean": 4.751173762851107,
  "entropy_std": 0.06638764350091944,
  "delta_mean": 1.5414602082185072,
  "delta_std": 0.04687884630344289,
  "pearson_r": -0.20173713052318107,
  "p_value": 0.045241234211171266
}