{
  "mean": {
    "entropy_mean": 3.395201440685125,
    "entropy_std": 0.3907481556807536,
    "delta_mean": 0.2975203779911754,
    "delta_std": 0.017360287487305438,
    "pearson_r": 0.024064709976734176,
    "p_value": 0.231472991036155
  },
  "ci95": {
    "entropy_mean": 0.08727615562455225,
    "entropy_std": 0.025361978083514158,
    "delta_mean": 0.0022617457583867405,
    "delta_std": 0.0011564898147395951,
    "pearson_r": 0.07853851557357137,
    "p_value": 0.12273512035835869
  }
}