{
  "entropy_mean": 4.115018976119528,
  "entropy_std": 0.12264575244901464,
  "delta_mean": 0.40988400367775346,
  "delta_std": 0.014834535161558016,
  "pearson_r": -0.2190749387452562,
  "p_value": 0.029359697541291183
}