{
  "entropy_mean": 1.561779474351614,
  "entropy_std": 0.046861957951015755,
  "delta_mean": 19.15645996570587,
  "delta_std": 4.87441453505498,
  "pearson_r": 0.2078074951255696,
  "p_value": 0.010718645890549215
}