{
  "entropy_mean": 3.4629189942199217,
  "entropy_std": 0.8669851558285412,
  "delta_mean": 18.190865837335586,
  "delta_std": 4.682632792973636,
  "pearson_r": -0.6799097452342295,
  "p_value": 4.825586964026851e-42
}