{
  "entropy_mean": 1.5893264074203992,
  "entropy_std": 0.2325350050859125,
  "delta_mean": 12.329822614192963,
  "delta_std": 3.1444916317726572,
  "pearson_r": 0.46011181704159043,
  "p_value": 4.0102472217290986e-17
}