{
  "mean": {
    "entropy_mean": 4.655944945570987,
    "entropy_std": 0.16857339190475873,
    "delta_mean": 11.609687954743704,
    "delta_std": 2.8175341783501535,
    "pearson_r": 0.3373571578466734,
    "p_value": 0.0001667637059448356
  },
  "ci95": {
    "entropy_mean": 0.017901304029566405,
    "entropy_std": 0.029705197280784672,
    "delta_mean": 0.4191857601880716,
    "delta_std": 0.30365318358112875,
    "pearson_r": 0.07610496116906364,
    "p_value": 0.00022893195946522074
  }
}