{
  "entropy_mean": 1.520641178539813,
  "entropy_std": 0.19548748374532604,
  "delta_mean": 11.784902138312658,
  "delta_std": 2.24322937958588,
  "pearson_r": 0.5396242580887307,
  "p_value": 4.544331191944416e-24
}