{
  "entropy_mean": 1.5663903360036249,
  "entropy_std": 0.08302434338139593,
  "delta_mean": 10.542274731000264,
  "delta_std": 2.1310059599641202,
  "pearson_r": -0.6063449779040346,
  "p_value": 1.9913655531192812e-16
}