{
  "entropy_mean": 4.079306628634556,
  "entropy_std": 0.06550333028302864,
  "delta_mean": 1.1248710263314559,
  "delta_std": 0.021725101685644618,
  "pearson_r": 0.05422500937636321,
  "p_value": 0.4468488614511818
}