{
  "entropy_mean": 3.411746948073708,
  "entropy_std": 0.06533140833672774,
  "delta_mean": 1.1628526856501897,
  "delta_std": 0.022338892160165578,
  "pearson_r": 0.12411145698562126,
  "p_value": 0.17683308202032216
}