{
  "entropy_mean": 3.4190607508052686,
  "entropy_std": 0.09552463213155676,
  "delta_mean": 2.1082130049467085,
  "delta_std": 0.03146502869597839,
  "pearson_r": 0.05248415770841512,
  "p_value": 0.09716370043267938
}