{
  "entropy_mean": 2.9105838230712684,
  "entropy_std": 0.474038810909296,
  "delta_mean": 8.207794439395268,
  "delta_std": 1.4003504127429431,
  "pearson_r": 0.40985097889920685,
  "p_value": 1.3965094908342002e-13
}