{
  "entropy_mean": 3.4668437272234285,
  "entropy_std": 0.08896488678107758,
  "delta_mean": 1.4308256965875625,
  "delta_std": 0.014254168163950254,
  "pearson_r": 0.2144230506077251,
  "p_value": 7.281415143381763e-12
}