{
  "entropy_mean": 1.4347155235561095,
  "entropy_std": 0.250173481127532,
  "delta_mean": 12.374583502610525,
  "delta_std": 2.1527261547794483,
  "pearson_r": 0.5485743531215274,
  "p_value": 5.690584978078439e-25
}