{
  "entropy_mean": 4.153758741175425,
  "entropy_std": 0.09383780263962894,
  "delta_mean": 0.40756469276083174,
  "delta_std": 0.015791954625393907,
  "pearson_r": -0.10113902665304354,
  "p_value": 0.15520023461853313
}