{
  "entropy_mean": 4.515351809367189,
  "entropy_std": 0.24196468125565837,
  "delta_mean": 9.92299661874771,
  "delta_std": 2.080778168671039,
  "pearson_r": 0.4920628517858917,
  "p_value": 1.6054689436230297e-10
}