{
  "entropy_mean": 1.581673434172848,
  "entropy_std": 0.03189963341241039,
  "delta_mean": 23.286119111378987,
  "delta_std": 4.861810045991339,
  "pearson_r": 0.31729321572745767,
  "p_value": 1.925303159992315e-08
}