{
  "entropy_mean": 1.5810656647523849,
  "entropy_std": 0.026823910107435817,
  "delta_mean": 24.26131370941798,
  "delta_std": 5.938589892370619,
  "pearson_r": 0.012073602100842528,
  "p_value": 0.8350294744539076
}