{
  "entropy_mean": 3.77155587125528,
  "entropy_std": 0.367669282160134,
  "delta_mean": 0.2865097631107677,
  "delta_std": 0.014602407683652684,
  "pearson_r": 0.0746732760370275,
  "p_value": 0.4625952921019859
}