{
  "pearson_r": 0.04499063335366715,
  "p_value": 0.15512229995473847,
  "spearman_r": 0.02105987112305074,
  "spearman_p": 0.5059146311185474,
  "entropy_mean": 3.4367928287610603,
  "entropy_std": 0.09307878248598662,
  "delta_mean": 2.108516897678375,
  "delta_std": 0.028711652700736234,
  "entropy_slope": -0.00012228784013964815,
  "entropy_range": 0.4027090645406233
}