{
  "entropy_mean": 3.3990705138573034,
  "entropy_std": 0.08892679698560182,
  "delta_mean": 1.9071734319965046,
  "delta_std": 0.03376241857336912,
  "pearson_r": -0.018617338274713704,
  "p_value": 0.36559541838984855
}