{
  "mean": {
    "entropy_mean": 3.964431677470879,
    "entropy_std": 0.06655149036317576,
    "delta_mean": 2.2251567956173055,
    "delta_std": 0.04169704804354522,
    "pearson_r": -0.011579067114472787,
    "p_value": 0.5178415876629328
  },
  "ci95": {
    "entropy_mean": 0.18651453956866598,
    "entropy_std": 0.04424326876121089,
    "delta_mean": 0.0017653105840010478,
    "delta_std": 0.0011032418490453102,
    "pearson_r": 0.07338744309153111,
    "p_value": 0.24375795075898493
  }
}