{
  "entropy_mean": 4.6475883170709995,
  "entropy_std": 0.15638071239972917,
  "delta_mean": 0.7812946438789368,
  "delta_std": 0.024160646678287406,
  "pearson_r": -0.005673357571467377,
  "p_value": 0.9555547345997973
}