{
  "entropy_mean": 3.446316910053456,
  "entropy_std": 0.08344652941241788,
  "delta_mean": 2.7677176313400267,
  "delta_std": 0.0341310190701842,
  "pearson_r": -0.061372222338828754,
  "p_value": 0.052360026571958915
}