{
  "entropy_mean": 4.759560864500034,
  "entropy_std": 0.03288411785102288,
  "delta_mean": 1.5423643095324737,
  "delta_std": 0.04528775934711013,
  "pearson_r": -0.04163484613879228,
  "p_value": 0.6824091993000904
}