{
  "entropy_mean": 1.5308098403784811,
  "entropy_std": 0.14923672059652798,
  "delta_mean": 10.542913588285446,
  "delta_std": 2.5889456568957887,
  "pearson_r": -0.3163850111995598,
  "p_value": 2.123578617166467e-08
}