{
  "entropy_mean": 4.752036482538119,
  "entropy_std": 0.028724020415092727,
  "delta_mean": 1.5300839007502856,
  "delta_std": 0.03995290636940666,
  "pearson_r": 0.021973290840520007,
  "p_value": 0.8290806114657988
}