{
  "entropy_mean": 1.616332042827801,
  "entropy_std": 0.10618105586178907,
  "delta_mean": 15.792113388379414,
  "delta_std": 3.6000655303769906,
  "pearson_r": 0.5228126030640905,
  "p_value": 6.747829419160059e-12
}