{
  "entropy_mean": 4.374578959670211,
  "entropy_std": 0.21446324669278363,
  "delta_mean": 1.5445450014538236,
  "delta_std": 0.039031845406260014,
  "pearson_r": 0.21876656911531375,
  "p_value": 0.029594191111971632
}