{
  "entropy_mean": 1.6354579065140806,
  "entropy_std": 0.09659079415306321,
  "delta_mean": 19.128687721888223,
  "delta_std": 4.753978298567408,
  "pearson_r": 0.4634487359280299,
  "p_value": 2.2215006404970674e-17
}