{
  "entropy_mean": 1.5784954902042685,
  "entropy_std": 0.0818257442377339,
  "delta_mean": 20.132224325339,
  "delta_std": 4.750946701260325,
  "pearson_r": -0.8854668065527522,
  "p_value": 3.428359786162051e-101
}