{
  "entropy_mean": 3.3790753545182524,
  "entropy_std": 0.1022424742513747,
  "delta_mean": 2.2427652021249136,
  "delta_std": 0.04166549293554244,
  "pearson_r": -0.03893739329312027,
  "p_value": 0.6728546503364924
}