{
  "entropy_mean": 3.6544030023049534,
  "entropy_std": 0.34772807497905134,
  "delta_mean": 8.146824564933777,
  "delta_std": 1.949552161727988,
  "pearson_r": 0.3331052584824591,
  "p_value": 3.3136697360430338e-09
}