{
  "entropy_mean": 3.500541551251881,
  "entropy_std": 0.43731584374065086,
  "delta_mean": 8.738147877852121,
  "delta_std": 1.7510940020060135,
  "pearson_r": 0.4039667728476701,
  "p_value": 3.3301031378922726e-13
}