{
  "entropy_mean": 3.4512580696486923,
  "entropy_std": 0.0752600725938931,
  "delta_mean": 1.2699759150648118,
  "delta_std": 0.0192840176461958,
  "pearson_r": 0.056686008069267386,
  "p_value": 0.08335364323157353
}