{
  "pearson_r": 0.2262773017356794,
  "p_value": 4.464355306387375e-13,
  "spearman_r": 0.2042442848570177,
  "spearman_p": 7.052469407771507e-11,
  "entropy_mean": 3.48822639122742,
  "entropy_std": 0.0704095005504921,
  "delta_mean": 1.4304741163253785,
  "delta_std": 0.015245813065853186,
  "entropy_slope": -2.0805710263473376e-05,
  "entropy_range": 0.39064560914302415
}