{
  "entropy_mean": 4.753242975603957,
  "entropy_std": 0.024976938709228787,
  "delta_mean": 1.536632718752377,
  "delta_std": 0.04355252518793943,
  "pearson_r": -0.04311815280522539,
  "p_value": 0.5453744075760234
}