{
  "entropy_mean": 3.8225208026202275,
  "entropy_std": 0.24271877687343088,
  "delta_mean": 8.039608092705409,
  "delta_std": 1.6908010009747192,
  "pearson_r": 0.02021407759063241,
  "p_value": 0.7273204780774655
}