{
  "entropy_mean": 4.12288010740861,
  "entropy_std": 0.05013039471039573,
  "delta_mean": 1.1215845142776644,
  "delta_std": 0.02101589615056718,
  "pearson_r": 0.06819690086315713,
  "p_value": 0.3385218386160696
}