{
  "entropy_mean": 4.750818835769167,
  "entropy_std": 0.03976818722081667,
  "delta_mean": 1.5412385042267616,
  "delta_std": 0.04564042934065437,
  "pearson_r": -0.04218188090637887,
  "p_value": 0.678465004460671
}