{
  "entropy_mean": 4.54054315344663,
  "entropy_std": 0.37650262364781417,
  "delta_mean": 9.683595806757609,
  "delta_std": 2.262734569692259,
  "pearson_r": 0.3577315314278092,
  "p_value": 6.980404019833922e-06
}