{
  "entropy_mean": 1.626562627256225,
  "entropy_std": 0.14716896580509276,
  "delta_mean": 11.6433757797877,
  "delta_std": 2.5604183590181697,
  "pearson_r": 0.42829991160398223,
  "p_value": 4.564110682085734e-08
}