{
  "entropy_mean": 3.633671510657905,
  "entropy_std": 0.4602029336047191,
  "delta_mean": 7.079614051977793,
  "delta_std": 1.4446338568544939,
  "pearson_r": 0.12744178914713333,
  "p_value": 0.12015493159022118
}