{
  "entropy_mean": 1.5230552153816805,
  "entropy_std": 0.2513701028668601,
  "delta_mean": 13.01815592765808,
  "delta_std": 2.9241204850248783,
  "pearson_r": 0.20136744141099322,
  "p_value": 0.00044938903811043084
}