{
  "entropy_mean": 3.391134762425784,
  "entropy_std": 0.5140388951072252,
  "delta_mean": 7.717305488586426,
  "delta_std": 1.5320257115364704,
  "pearson_r": 0.40326520842043756,
  "p_value": 3.110491878538175e-07
}