{
  "entropy_mean": 4.066601561931944,
  "entropy_std": 0.027270140806962613,
  "delta_mean": 2.224549797911141,
  "delta_std": 0.04287940158916408,
  "pearson_r": -0.01795106738115265,
  "p_value": 0.8013069809119718
}