{
  "entropy_mean": 1.5780982158597168,
  "entropy_std": 0.07184146851163035,
  "delta_mean": 19.395737511316934,
  "delta_std": 4.977719861910419,
  "pearson_r": 0.14919665464781037,
  "p_value": 0.06842387385420624
}