{
  "entropy_mean": 4.725901237103,
  "entropy_std": 0.09333594888408644,
  "delta_mean": 16.353529408772786,
  "delta_std": 3.9391742488875194,
  "pearson_r": 0.4422604074288525,
  "p_value": 8.48837029954884e-16
}