{
  "entropy_mean": 3.4060632716638217,
  "entropy_std": 0.5210893474602366,
  "delta_mean": 6.785250183741252,
  "delta_std": 2.109251236604017,
  "pearson_r": 0.37927979380391097,
  "p_value": 1.6977875074357288e-06
}