{
  "entropy_mean": 4.754752438248094,
  "entropy_std": 0.040066626872553586,
  "delta_mean": 1.5482044930409904,
  "delta_std": 0.040459897883681484,
  "pearson_r": -0.06867874067987793,
  "p_value": 0.49938076282152544
}