{
  "entropy_mean": 2.430505722442871,
  "entropy_std": 1.238881363347926,
  "delta_mean": 17.14581598440806,
  "delta_std": 4.292830578803206,
  "pearson_r": -0.8503869277238485,
  "p_value": 4.235263102842078e-85
}