{
  "entropy_mean": 3.368711798242235,
  "entropy_std": 0.0822123318911221,
  "delta_mean": 2.241190234820048,
  "delta_std": 0.04043325807022087,
  "pearson_r": 3.396603820617072e-05,
  "p_value": 0.9997062310812342
}