{
  "entropy_mean": 2.6855290097710283,
  "entropy_std": 0.4066922120856345,
  "delta_mean": 7.0461051106452945,
  "delta_std": 1.447035344742059,
  "pearson_r": -0.8094142079749085,
  "p_value": 4.907994126015538e-36
}