{
  "entropy_mean": 4.621880147202624,
  "entropy_std": 0.11998156195699777,
  "delta_mean": 0.7789150629211311,
  "delta_std": 0.020053524769087942,
  "pearson_r": -0.07311494305183518,
  "p_value": 0.3047549259180017
}