{
  "entropy_mean": 1.5684949943320274,
  "entropy_std": 0.0744375838084027,
  "delta_mean": 18.05868913412094,
  "delta_std": 3.824957932804683,
  "pearson_r": 0.1257881178059449,
  "p_value": 0.029385365703526643
}