{
  "entropy_mean": 4.522589461581914,
  "entropy_std": 0.21150858054876254,
  "delta_mean": 12.711531153519948,
  "delta_std": 3.09582822809184,
  "pearson_r": 0.47521597019255873,
  "p_value": 2.6262941546974322e-18
}