{
  "entropy_mean": 4.66913038243205,
  "entropy_std": 0.15718858481175207,
  "delta_mean": 9.68782659928004,
  "delta_std": 2.4883425010661275,
  "pearson_r": 0.13664634483983817,
  "p_value": 0.09543497126160772
}