{
  "mean": {
    "entropy_mean": 1.4620407831145177,
    "entropy_std": 0.1828315076500955,
    "delta_mean": 10.600756941874822,
    "delta_std": 2.135154172437294,
    "pearson_r": -0.08531408647363188,
    "p_value": 0.06945378015212582
  },
  "ci95": {
    "entropy_mean": 0.12524264045568578,
    "entropy_std": 0.05311586533554222,
    "delta_mean": 0.34016698012970337,
    "delta_std": 0.20696337160271455,
    "pearson_r": 0.2756152133684917,
    "p_value": 0.11933349981324898
  }
}