{
  "entropy_mean": 1.5895735078112732,
  "entropy_std": 0.1423344608629838,
  "delta_mean": 14.131744014422098,
  "delta_std": 3.4848766857261055,
  "pearson_r": 0.5368604622218953,
  "p_value": 1.422194403329792e-12
}