{
  "entropy_mean": 2.7652593838386155,
  "entropy_std": 0.37891933907445896,
  "delta_mean": 8.220639015833537,
  "delta_std": 1.287062058682162,
  "pearson_r": 0.24419929297172477,
  "p_value": 1.894933243416503e-05
}