{
  "entropy_mean": 4.751730728681621,
  "entropy_std": 0.06482957604018617,
  "delta_mean": 1.5378440750969782,
  "delta_std": 0.04194483240446745,
  "pearson_r": -0.1031813627476685,
  "p_value": 0.30947765117559756
}