{
  "entropy_mean": 4.63240908934826,
  "entropy_std": 0.1576043784423787,
  "delta_mean": 11.50883228222529,
  "delta_std": 2.3369837586732904,
  "pearson_r": 0.3373490625345456,
  "p_value": 2.030825034719583e-09
}