{
  "entropy_mean": 4.621956555401805,
  "entropy_std": 0.13898987996984566,
  "delta_mean": 11.230635945002238,
  "delta_std": 2.517676926464445,
  "pearson_r": 0.38141142077723944,
  "p_value": 1.4679588019870762e-06
}