{
  "entropy_mean": 4.078195942845528,
  "entropy_std": 0.025875513826390657,
  "delta_mean": 2.219546478597363,
  "delta_std": 0.042593981400592285,
  "pearson_r": -0.04344258471016974,
  "p_value": 0.5423519991727787
}