{
  "entropy_mean": 4.750535605540259,
  "entropy_std": 0.04801311704519696,
  "delta_mean": 17.76224854747454,
  "delta_std": 4.376435376965172,
  "pearson_r": 0.3303626088869001,
  "p_value": 4.529158189294293e-09
}