{
  "entropy_mean": 4.117086548943889,
  "entropy_std": 0.04643413276138155,
  "delta_mean": 1.122129705084029,
  "delta_std": 0.023122632059001683,
  "pearson_r": -0.11163859628242345,
  "p_value": 0.1164508366639919
}