{
  "entropy_mean": 1.5796361135474732,
  "entropy_std": 0.056152186761485694,
  "delta_mean": 21.82184780438741,
  "delta_std": 5.606862981239147,
  "pearson_r": 0.4133940214937821,
  "p_value": 1.458008167903681e-07
}