{
  "entropy_mean": 4.0796467494778605,
  "entropy_std": 0.03193498875397573,
  "delta_mean": 2.217849454494438,
  "delta_std": 0.04069528790770686,
  "pearson_r": -0.16217311759552772,
  "p_value": 0.10877034231790626
}