{
  "mean": {
    "entropy_mean": 3.9982322854819423,
    "entropy_std": 0.11989138300991986,
    "delta_mean": 0.41047689017623357,
    "delta_std": 0.013078308757446986,
    "pearson_r": 0.05311006440372716,
    "p_value": 0.2438702523816155
  },
  "ci95": {
    "entropy_mean": 0.10305038713596186,
    "entropy_std": 0.046507534496526476,
    "delta_mean": 0.004620797427487026,
    "delta_std": 0.0017724925282904757,
    "pearson_r": 0.14241289470364332,
    "p_value": 0.1392837815329568
  }
}