{
  "mean": {
    "entropy_mean": 3.445205822891833,
    "entropy_std": 0.32674261829113155,
    "delta_mean": 0.296178381691626,
    "delta_std": 0.015002241975246083,
    "pearson_r": 0.024102632222187063,
    "p_value": 0.22552530110272512
  },
  "ci95": {
    "entropy_mean": 0.09159728401881424,
    "entropy_std": 0.020559758565964238,
    "delta_mean": 0.002298022299907651,
    "delta_std": 0.0009847005331537068,
    "pearson_r": 0.07145889966936471,
    "p_value": 0.12659633494965666
  }
}