{
  "entropy_mean": 1.6019836984641211,
  "entropy_std": 0.12979038924729058,
  "delta_mean": 14.624924346605937,
  "delta_std": 3.4239481761693016,
  "pearson_r": 0.5590439220322321,
  "p_value": 1.0453184080301164e-13
}