{
  "entropy_mean": 4.729077302588898,
  "entropy_std": 0.06372403249868025,
  "delta_mean": 18.232931456565858,
  "delta_std": 4.835676889680434,
  "pearson_r": 0.5071765322699772,
  "p_value": 5.1605221610136305e-21
}