{
  "entropy_mean": 4.571159258395689,
  "entropy_std": 0.20651270739399735,
  "delta_mean": 11.77752465526263,
  "delta_std": 2.6229235351820424,
  "pearson_r": 0.3877069779346799,
  "p_value": 3.368507731810849e-12
}