{
  "entropy_mean": 1.627943474679175,
  "entropy_std": 0.07861605899800789,
  "delta_mean": 15.76904229482015,
  "delta_std": 3.8645468783202306,
  "pearson_r": 0.5057988022680466,
  "p_value": 4.052094325837944e-11
}