{
  "entropy_mean": 4.7418272036592555,
  "entropy_std": 0.08185184518768288,
  "delta_mean": 13.988078666528066,
  "delta_std": 3.3564928593718704,
  "pearson_r": 0.2742567853914212,
  "p_value": 0.0006832671136970268
}