{
  "entropy_mean": 4.109651114825623,
  "entropy_std": 0.035960852979042106,
  "delta_mean": 1.1228529975641912,
  "delta_std": 0.021453373265595058,
  "pearson_r": -0.0028533694678633537,
  "p_value": 0.9680945299962317
}