{
  "entropy_mean": 3.949948054329795,
  "entropy_std": 0.07913479524540624,
  "delta_mean": 1.1313360000974568,
  "delta_std": 0.0222319876836939,
  "pearson_r": 0.07912748928984327,
  "p_value": 0.26659348472654226
}