{
  "entropy_mean": 3.808250404727772,
  "entropy_std": 0.14101310496101907,
  "delta_mean": 0.42604028155105284,
  "delta_std": 0.0246306873871184,
  "pearson_r": 0.332733143732968,
  "p_value": 0.0007653650524163942
}