{
  "entropy_mean": 3.8455521920762257,
  "entropy_std": 0.46309074158820757,
  "delta_mean": 7.390128699938456,
  "delta_std": 1.851851896285705,
  "pearson_r": 0.04994125623944079,
  "p_value": 0.5439072481793846
}