{
  "entropy_mean": 4.082142727335461,
  "entropy_std": 0.4417496875493427,
  "delta_mean": 9.17148159901301,
  "delta_std": 1.8129729591014165,
  "pearson_r": 0.2629997869929502,
  "p_value": 0.0011477030332716865
}