{
  "entropy_mean": 1.5895286711223042,
  "entropy_std": 0.04662896055630728,
  "delta_mean": 20.47113548119863,
  "delta_std": 4.666369751603405,
  "pearson_r": 0.5776438576686563,
  "p_value": 1.0039407955323289e-14
}