{
  "mean": {
    "entropy_mean": 4.060660668154061,
    "entropy_std": 0.05331182477880353,
    "delta_mean": 2.2230670856707024,
    "delta_std": 0.04110742244655528,
    "pearson_r": -0.06757591194452608,
    "p_value": 0.3411728985226789
  },
  "ci95": {
    "entropy_mean": 0.019114263799779513,
    "entropy_std": 0.019663236953617734,
    "delta_mean": 0.003157594461218166,
    "delta_std": 0.0014688448192946178,
    "pearson_r": 0.06914073108325278,
    "p_value": 0.166720386352173
  }
}