{
  "entropy_mean": 3.9271231593327207,
  "entropy_std": 0.08486763679524982,
  "delta_mean": 0.4217203906433067,
  "delta_std": 0.013563954353260082,
  "pearson_r": -0.022567255668540426,
  "p_value": 0.7517102047500717
}