{
  "entropy_mean": 1.6574086042316356,
  "entropy_std": 0.13134946575773224,
  "delta_mean": 11.127280472119649,
  "delta_std": 2.113727141433887,
  "pearson_r": 0.5525220020148729,
  "p_value": 2.2309584993949792e-25
}