{
  "entropy_mean": 4.759958685855217,
  "entropy_std": 0.027519703035029774,
  "delta_mean": 1.5368590450766098,
  "delta_std": 0.045266194619520916,
  "pearson_r": -0.025431733248633924,
  "p_value": 0.7214239378670292
}