{
  "entropy_mean": 4.757965323084717,
  "entropy_std": 0.026390930560823617,
  "delta_mean": 1.5409835541068608,
  "delta_std": 0.0419291119583184,
  "pearson_r": 0.0536894222382844,
  "p_value": 0.45135695841577733
}