{
  "entropy_mean": 3.6691717407880002,
  "entropy_std": 0.35228058633189574,
  "delta_mean": 0.27929653663827914,
  "delta_std": 0.01020411755460306,
  "pearson_r": 0.054218473252177934,
  "p_value": 0.5940280737776266
}