{
  "entropy_mean": 2.635280430518533,
  "entropy_std": 0.5294062204009771,
  "delta_mean": 6.36850208679835,
  "delta_std": 0.9368682492645067,
  "pearson_r": -0.80867357502787,
  "p_value": 6.350156928502574e-36
}