{
  "entropy_mean": 2.8321158248525387,
  "entropy_std": 0.2401957990763997,
  "delta_mean": 5.999986979166667,
  "delta_std": 0.9312177379494632,
  "pearson_r": -0.6295292879198445,
  "p_value": 6.2107236426237626e-18
}