{
  "entropy_mean": 4.747977836479006,
  "entropy_std": 0.06761622441148349,
  "delta_mean": 1.5405157286711413,
  "delta_std": 0.04064194561110803,
  "pearson_r": -0.07595555982850528,
  "p_value": 0.45492444526115977
}